[2026-08-15T20:36:09.192Z] 10% discount	Ollama response contains no message content (done reason: length)
[2026-08-15T20:36:09.193Z] 50% off	Ollama response contains no message content (done reason: length)
[2026-08-15T20:36:09.194Z] a	Ollama response contains no message content (done reason: length)
[2026-08-15T20:36:09.194Z] a ... portion of	Ollama response contains no message content (done reason: length)
[2026-08-15T20:36:09.195Z] a balance of nature	Ollama response contains no message content (done reason: length)
[2026-08-15T20:37:20.315Z] a beach person	Ollama review returned no content
[2026-08-15T20:37:20.316Z] a big potato	Ollama review returned no content
[2026-08-15T20:37:20.316Z] a bit	Ollama review returned no content
[2026-08-15T20:37:20.317Z] a bit of	Ollama review returned no content
[2026-08-15T20:37:20.317Z] a box office smash	Ollama review returned no content
[2026-08-15T20:38:03.827Z] a bunch of	Ollama response contains no message content (done reason: length)
[2026-08-15T20:38:03.828Z] a case in point	Ollama response contains no message content (done reason: length)
[2026-08-15T20:38:03.828Z] a chorus of	Ollama response contains no message content (done reason: length)
[2026-08-15T20:38:03.829Z] a chunk of	Ollama response contains no message content (done reason: length)
[2026-08-15T20:38:03.829Z] a collection of	Ollama response contains no message content (done reason: length)
[2026-08-15T20:56:36.489Z] a train schedule	英文例句未使用目标词条
[2026-08-15T20:57:28.378Z] abandon oneself to	英文例句未使用目标词条
[2026-08-15T20:57:28.379Z] abdicate	英文例句未使用目标词条
[2026-08-15T21:04:50.976Z] account for	英文例句未使用目标词条
[2026-08-15T21:06:12.743Z] achieve one's dreams	英文例句未使用目标词条
[2026-08-15T21:06:56.233Z] acquaint with	英文例句未使用目标词条
[2026-08-15T21:10:29.169Z] add to	英文例句未使用目标词条
[2026-08-15T21:19:03.452Z] after you	英文例句长度异常（2 个单词）
[2026-08-15T21:20:58.618Z] agree to	英文例句未使用目标词条
[2026-08-15T21:21:48.232Z] agree upon	英文例句未使用目标词条
[2026-08-15T21:22:37.800Z] aim at	英文例句未使用目标词条
[2026-08-15T21:22:37.801Z] aim to	英文例句未使用目标词条
[2026-08-15T21:30:28.995Z] alter the course of one's life	英文例句未使用目标词条
[2026-08-15T21:43:00.853Z] appear to	英文例句未使用目标词条
[2026-08-15T21:44:29.720Z] appoint as	英文例句未使用目标词条
[2026-08-15T21:48:59.522Z] argue with	英文例句未使用目标词条
[2026-08-15T21:49:45.370Z] arise from	英文例句未使用目标词条
[2026-08-15T21:51:00.601Z] arouse one's anxiety	英文例句未使用目标词条
[2026-08-15T21:51:00.602Z] arouse one's curiosity	英文例句未使用目标词条
[2026-08-15T21:51:00.603Z] arouse one's interest	英文例句未使用目标词条
[2026-08-15T21:51:44.856Z] arrive at	英文例句未使用目标词条
[2026-08-15T21:56:48.077Z] ask for	英文例句未使用目标词条
[2026-08-15T21:56:48.079Z] ask for permission	英文例句未使用目标词条
[2026-08-15T21:58:43.967Z] assign to	英文例句未使用目标词条
[2026-08-15T21:58:43.967Z] assist with	英文例句未使用目标词条
[2026-08-15T21:59:24.613Z] associate with	英文例句未使用目标词条
[2026-08-15T22:04:31.549Z] at one's best	英文例句未使用目标词条
[2026-08-15T22:04:31.550Z] at one's ease	英文例句未使用目标词条
[2026-08-15T22:05:48.272Z] at the doctor's	英文例句未使用目标词条
[2026-08-15T22:09:08.019Z] attach to	英文例句未使用目标词条
[2026-08-15T22:09:08.020Z] attempt to	英文例句未使用目标词条
[2026-08-15T22:09:08.020Z] attempt to do	英文例句未使用目标词条
[2026-08-15T22:10:32.198Z] attract attention	英文例句未使用目标词条
[2026-08-15T22:11:12.948Z] attribute to	英文例句未使用目标词条
[2026-08-15T22:15:33.673Z] await trial	英文例句未使用目标词条
[2026-08-15T22:15:33.673Z] awake to	英文例句未使用目标词条
[2026-08-15T22:17:16.397Z] back away	英文例句未使用目标词条
[2026-08-15T22:17:16.398Z] back on one's feet	英文例句未使用目标词条
[2026-08-15T22:17:16.398Z] back out	英文例句未使用目标词条
[2026-08-15T22:17:16.399Z] back up	英文例句未使用目标词条
[2026-08-15T22:20:31.603Z] balance between A and B	英文例句未使用目标词条
[2026-08-15T22:20:31.604Z] balance one's budget	英文例句未使用目标词条
[2026-08-15T22:23:29.480Z] bargain on	英文例句未使用目标词条
[2026-08-15T22:24:49.799Z] base on	英文例句未使用目标词条
[2026-08-15T22:25:34.895Z] base upon	英文例句未使用目标词条
[2026-08-15T22:27:22.007Z] be able to	英文例句未使用目标词条
[2026-08-15T22:28:21.981Z] be absent from	英文例句未使用目标词条
[2026-08-15T22:28:21.982Z] be absorbed in	英文例句未使用目标词条
[2026-08-15T22:28:21.982Z] be abundant in	英文例句未使用目标词条
[2026-08-15T22:28:21.982Z] be accompanied by	英文例句未使用目标词条
[2026-08-15T22:28:21.983Z] be accused of	英文例句未使用目标词条
[2026-08-15T22:28:21.983Z] be accustomed to	英文例句未使用目标词条
[2026-08-15T22:28:21.984Z] be adapted to	英文例句未使用目标词条
[2026-08-15T22:28:21.984Z] be addicted to	英文例句未使用目标词条
[2026-08-15T22:29:25.384Z] be adequate for	英文例句未使用目标词条
[2026-08-15T22:29:25.384Z] be admitted into	英文例句未使用目标词条
[2026-08-15T22:29:25.385Z] be admitted to	英文例句未使用目标词条
[2026-08-15T22:29:25.385Z] be advisable to	英文例句未使用目标词条
[2026-08-15T22:29:25.386Z] be afraid	英文例句未使用目标词条
[2026-08-15T22:29:25.386Z] be against	英文例句未使用目标词条
[2026-08-15T22:29:25.386Z] be alienated from	英文例句未使用目标词条
[2026-08-15T22:29:25.387Z] be allergic to	英文例句未使用目标词条
[2026-08-15T22:30:22.865Z] be angry with	英文例句未使用目标词条
[2026-08-15T22:30:22.866Z] be anxious about	英文例句未使用目标词条
[2026-08-15T22:30:22.866Z] be applicable to	英文例句未使用目标词条
[2026-08-15T22:30:22.867Z] be around the corner	英文例句未使用目标词条
[2026-08-15T22:30:22.867Z] be ashamed of	英文例句未使用目标词条
[2026-08-15T22:30:22.868Z] be asleep	英文例句未使用目标词条
[2026-08-15T22:30:22.868Z] be assigned to do	英文例句未使用目标词条
[2026-08-15T22:31:24.084Z] be at fault	英文例句未使用目标词条
[2026-08-15T22:31:24.084Z] be at issue	英文例句未使用目标词条
[2026-08-15T22:31:24.085Z] be at liberty	英文例句未使用目标词条
[2026-08-15T22:31:24.085Z] be at odds	英文例句未使用目标词条
[2026-08-15T22:31:24.086Z] be at odds with	英文例句未使用目标词条
[2026-08-15T22:31:24.086Z] be at one's disposal	英文例句未使用目标词条
[2026-08-15T22:31:24.087Z] be at sea	英文例句未使用目标词条
[2026-08-15T22:31:24.087Z] be at stake	英文例句未使用目标词条
[2026-08-15T22:32:35.052Z] be at the mercy of	英文例句未使用目标词条
[2026-08-15T22:32:35.053Z] be attached to	英文例句未使用目标词条
[2026-08-15T22:32:35.054Z] be attracted to	英文例句未使用目标词条
[2026-08-15T22:32:35.055Z] be attributed to	英文例句未使用目标词条
[2026-08-15T22:32:35.055Z] be authorized to	英文例句未使用目标词条
[2026-08-15T22:32:35.056Z] be available to	英文例句未使用目标词条
[2026-08-15T22:32:35.056Z] be aware of	英文例句未使用目标词条
[2026-08-15T22:32:35.057Z] be away from	英文例句未使用目标词条
[2026-08-15T22:32:35.057Z] be bad at	英文例句未使用目标词条
[2026-08-15T22:32:35.058Z] be bad for	英文例句未使用目标词条
[2026-08-15T22:33:38.068Z] be based on	英文例句未使用目标词条
[2026-08-15T22:33:38.069Z] be beneficial to	英文例句未使用目标词条
[2026-08-15T22:33:38.069Z] be bent on	英文例句未使用目标词条
[2026-08-15T22:33:38.070Z] be best with	英文例句未使用目标词条
[2026-08-15T22:33:38.070Z] be beyond all question	英文例句未使用目标词条
[2026-08-15T22:33:38.071Z] be beyond belief	英文例句未使用目标词条
[2026-08-15T22:33:38.071Z] be beyond compare	英文例句未使用目标词条
[2026-08-15T22:33:38.071Z] be beyond question	英文例句未使用目标词条
[2026-08-15T22:33:38.072Z] be blamed for	英文例句未使用目标词条
[2026-08-15T22:34:46.723Z] be blessed with	英文例句未使用目标词条
[2026-08-15T22:34:46.724Z] be blind to	英文例句未使用目标词条
[2026-08-15T22:34:46.725Z] be bored with	英文例句未使用目标词条
[2026-08-15T22:34:46.725Z] be born in	英文例句未使用目标词条
[2026-08-15T22:34:46.725Z] be born into	英文例句未使用目标词条
[2026-08-15T22:34:46.726Z] be born with	英文例句未使用目标词条
[2026-08-15T22:34:46.726Z] be bound for	英文例句未使用目标词条
[2026-08-15T22:34:46.728Z] be bound to	英文例句未使用目标词条
[2026-08-15T22:34:46.728Z] be bound up in	英文例句未使用目标词条
[2026-08-15T22:34:46.728Z] be broken beyond repair	英文例句未使用目标词条
[2026-08-15T22:35:38.363Z] be capable of	英文例句未使用目标词条
[2026-08-15T22:35:38.364Z] be caught in	英文例句未使用目标词条
[2026-08-15T22:35:38.364Z] be caught up in	英文例句未使用目标词条
[2026-08-15T22:35:38.365Z] be certain of	英文例句未使用目标词条
[2026-08-15T22:35:38.365Z] be characterized by	英文例句未使用目标词条
[2026-08-15T22:36:42.578Z] be close to	英文例句未使用目标词条
[2026-08-15T22:36:42.579Z] be closely linked to	英文例句未使用目标词条
[2026-08-15T22:36:42.579Z] be comparable to	英文例句未使用目标词条
[2026-08-15T22:36:42.580Z] be comparable with	英文例句未使用目标词条
[2026-08-15T22:36:42.581Z] be concerned about	英文例句未使用目标词条
[2026-08-15T22:36:42.581Z] be concerned with	英文例句未使用目标词条
[2026-08-15T22:36:42.581Z] be confined to	英文例句未使用目标词条
[2026-08-15T22:36:42.582Z] be confronted with	英文例句未使用目标词条
[2026-08-15T22:36:42.582Z] be confused about	英文例句未使用目标词条
[2026-08-15T22:37:48.808Z] be considered as	英文例句未使用目标词条
[2026-08-15T22:37:48.809Z] be content with	英文例句未使用目标词条
[2026-08-15T22:37:48.809Z] be contrary to	英文例句未使用目标词条
[2026-08-15T22:37:48.810Z] be covered with	英文例句未使用目标词条
[2026-08-15T22:37:48.810Z] be crazy about	英文例句未使用目标词条
[2026-08-15T22:37:48.811Z] be critical of	英文例句未使用目标词条
[2026-08-15T22:37:48.811Z] be crowded with	英文例句未使用目标词条
[2026-08-15T22:37:48.811Z] be curious about	英文例句未使用目标词条
[2026-08-15T22:38:49.051Z] be curious to	英文例句未使用目标词条
[2026-08-15T22:38:49.052Z] be cut out for	英文例句未使用目标词条
[2026-08-15T22:38:49.052Z] be decorated with	英文例句未使用目标词条
[2026-08-15T22:38:49.053Z] be deficient in	英文例句未使用目标词条
[2026-08-15T22:38:49.054Z] be delighted to	英文例句未使用目标词条
[2026-08-15T22:38:49.054Z] be dependent on	英文例句未使用目标词条
[2026-08-15T22:38:49.054Z] be dependent upon	英文例句未使用目标词条
[2026-08-15T22:38:49.055Z] be depleted of	英文例句未使用目标词条
[2026-08-15T22:40:00.820Z] be designed to	英文例句未使用目标词条
[2026-08-15T22:40:00.820Z] be devoted to	英文例句未使用目标词条
[2026-08-15T22:40:00.821Z] be different from	英文例句未使用目标词条
[2026-08-15T22:40:00.821Z] be dissatisfied with	英文例句未使用目标词条
[2026-08-15T22:40:00.822Z] be distracted by	英文例句未使用目标词条
[2026-08-15T22:40:00.822Z] be doomed to	英文例句未使用目标词条
[2026-08-15T22:40:00.822Z] be dotted with	英文例句未使用目标词条
[2026-08-15T22:40:00.823Z] be doubtful about	英文例句未使用目标词条
[2026-08-15T22:40:00.823Z] be drafted into	英文例句未使用目标词条
[2026-08-15T22:40:00.824Z] be dressed in	英文例句未使用目标词条
[2026-08-15T22:40:56.796Z] be dying for	英文例句未使用目标词条
[2026-08-15T22:40:56.797Z] be dying to	英文例句未使用目标词条
[2026-08-15T22:40:56.798Z] be eager to	英文例句未使用目标词条
[2026-08-15T22:40:56.798Z] be eligible for	英文例句未使用目标词条
[2026-08-15T22:40:56.799Z] be embossed with	英文例句未使用目标词条
[2026-08-15T22:40:56.799Z] be engaged in	英文例句未使用目标词条
[2026-08-15T22:40:56.800Z] be engaged to	英文例句未使用目标词条
[2026-08-15T22:41:56.369Z] be enthusiastic about	英文例句未使用目标词条
[2026-08-15T22:41:56.370Z] be entitled to do	英文例句未使用目标词条
[2026-08-15T22:41:56.370Z] be envious of	英文例句未使用目标词条
[2026-08-15T22:41:56.370Z] be equipped with	英文例句未使用目标词条
[2026-08-15T22:41:56.371Z] be equivalent to	英文例句未使用目标词条
[2026-08-15T22:41:56.371Z] be essential for	英文例句未使用目标词条
[2026-08-15T22:41:56.372Z] be essential to	英文例句未使用目标词条
[2026-08-15T22:41:56.372Z] be exclusive of	英文例句未使用目标词条
[2026-08-15T22:43:05.749Z] be expected to	英文例句未使用目标词条
[2026-08-15T22:43:05.749Z] be expelled from	英文例句未使用目标词条
[2026-08-15T22:43:05.750Z] be experienced in	英文例句未使用目标词条
[2026-08-15T22:43:05.751Z] be extracted from	英文例句未使用目标词条
[2026-08-15T22:43:05.751Z] be familiar to	英文例句未使用目标词条
[2026-08-15T22:43:05.752Z] be familiar with	英文例句未使用目标词条
[2026-08-15T22:43:05.753Z] be famous as	英文例句未使用目标词条
[2026-08-15T22:43:05.753Z] be famous for	英文例句未使用目标词条
[2026-08-15T22:43:05.754Z] be far from	英文例句未使用目标词条
[2026-08-15T22:43:05.754Z] be fascinated by	英文例句未使用目标词条
[2026-08-15T22:44:15.124Z] be fed up with	英文例句未使用目标词条
[2026-08-15T22:44:15.125Z] be filled with	英文例句未使用目标词条
[2026-08-15T22:44:15.125Z] be filled with remorse	英文例句未使用目标词条
[2026-08-15T22:44:15.126Z] be fit for	英文例句未使用目标词条
[2026-08-15T22:44:15.126Z] be fit to	英文例句未使用目标词条
[2026-08-15T22:44:15.127Z] be flexible in	英文例句未使用目标词条
[2026-08-15T22:44:15.127Z] be flooded with	英文例句未使用目标词条
[2026-08-15T22:44:15.128Z] be fond of	英文例句未使用目标词条
[2026-08-15T22:44:15.128Z] be free from	英文例句未使用目标词条
[2026-08-15T22:44:15.128Z] be free of	英文例句未使用目标词条
[2026-08-15T22:45:16.448Z] be free with	英文例句未使用目标词条
[2026-08-15T22:45:16.449Z] be friendly to	英文例句未使用目标词条
[2026-08-15T22:45:16.449Z] be friends with	英文例句未使用目标词条
[2026-08-15T22:45:16.450Z] be full of	英文例句未使用目标词条
[2026-08-15T22:45:16.450Z] be full of remorse	英文例句未使用目标词条
[2026-08-15T22:45:16.451Z] be furnished with	英文例句未使用目标词条
[2026-08-15T22:45:16.451Z] be fussy about	英文例句未使用目标词条
[2026-08-15T22:45:16.452Z] be given over to	英文例句未使用目标词条
[2026-08-15T22:46:21.498Z] be going to do	英文例句未使用目标词条
[2026-08-15T22:46:21.499Z] be gone	英文例句未使用目标词条
[2026-08-15T22:46:21.499Z] be good at	英文例句未使用目标词条
[2026-08-15T22:46:21.500Z] be good for	英文例句未使用目标词条
[2026-08-15T22:46:21.500Z] be good with	英文例句未使用目标词条
[2026-08-15T22:46:21.501Z] be happy with	英文例句未使用目标词条
[2026-08-15T22:46:21.501Z] be hard on	英文例句未使用目标词条
[2026-08-15T22:46:21.502Z] be head and shoulders above	英文例句未使用目标词条
[2026-08-15T22:46:21.502Z] be home to	英文例句未使用目标词条
[2026-08-15T22:47:12.421Z] be honored for	英文例句未使用目标词条
[2026-08-15T22:47:12.422Z] be ideal for	英文例句未使用目标词条
[2026-08-15T22:47:12.422Z] be identical to	英文例句未使用目标词条
[2026-08-15T22:47:12.424Z] be identical with	英文例句未使用目标词条
[2026-08-15T22:47:12.425Z] be ill in bed	英文例句未使用目标词条
[2026-08-15T22:48:20.601Z] be impatient with	英文例句未使用目标词条
[2026-08-15T22:48:20.601Z] be implicit in	英文例句未使用目标词条
[2026-08-15T22:48:20.602Z] be impressed by	英文例句未使用目标词条
[2026-08-15T22:48:20.603Z] be impressed with	英文例句未使用目标词条
[2026-08-15T22:48:20.603Z] be in	英文例句未使用目标词条
[2026-08-15T22:48:20.603Z] be in agreement	英文例句未使用目标词条
[2026-08-15T22:48:20.604Z] be in blossom	英文例句未使用目标词条
[2026-08-15T22:48:20.604Z] be in charge	英文例句未使用目标词条
[2026-08-15T22:48:20.605Z] be in charge of	英文例句未使用目标词条
[2026-08-15T22:49:32.469Z] be in cooperation with	英文例句未使用目标词条
[2026-08-15T22:49:32.470Z] be in danger	英文例句未使用目标词条
[2026-08-15T22:49:32.470Z] be in danger of	英文例句未使用目标词条
[2026-08-15T22:49:32.471Z] be in demand	英文例句未使用目标词条
[2026-08-15T22:49:32.471Z] be in dispute	英文例句未使用目标词条
[2026-08-15T22:49:32.472Z] be in doubt	英文例句未使用目标词条
[2026-08-15T22:49:32.472Z] be in embryo	英文例句未使用目标词条
[2026-08-15T22:49:32.473Z] be in full swing	英文例句未使用目标词条
[2026-08-15T22:49:32.473Z] be in good form	英文例句未使用目标词条
[2026-08-15T22:49:32.473Z] be in good health	英文例句未使用目标词条
[2026-08-15T22:50:43.584Z] be in good shape	英文例句未使用目标词条
[2026-08-15T22:50:43.584Z] be in hospital	英文例句未使用目标词条
[2026-08-15T22:50:43.585Z] be in one ear and out the other	英文例句未使用目标词条
[2026-08-15T22:50:43.586Z] be in one's shoes	英文例句未使用目标词条
[2026-08-15T22:50:43.586Z] be in one's way	英文例句未使用目标词条
[2026-08-15T22:50:43.587Z] be in opposition	英文例句未使用目标词条
[2026-08-15T22:50:43.587Z] be in opposition to	英文例句未使用目标词条
[2026-08-15T22:50:43.587Z] be in place	英文例句未使用目标词条
[2026-08-15T22:50:43.588Z] be in shape	英文例句未使用目标词条
[2026-08-15T22:50:43.589Z] be in sight	英文例句未使用目标词条
[2026-08-15T22:51:46.703Z] be in the air	英文例句未使用目标词条
[2026-08-15T22:51:46.704Z] be in the balance	英文例句未使用目标词条
[2026-08-15T22:51:46.705Z] be in the dark	英文例句未使用目标词条
[2026-08-15T22:51:46.705Z] be in the mood	英文例句未使用目标词条
[2026-08-15T22:51:46.705Z] be in the saddle	英文例句未使用目标词条
[2026-08-15T22:51:46.706Z] be in the way	英文例句未使用目标词条
[2026-08-15T22:51:46.706Z] be in the wrong	英文例句未使用目标词条
[2026-08-15T22:51:46.707Z] be in use	英文例句未使用目标词条
[2026-08-15T22:52:55.590Z] be incapacitated with	英文例句未使用目标词条
[2026-08-15T22:52:55.591Z] be inclined to	英文例句未使用目标词条
[2026-08-15T22:52:55.592Z] be incompatible with	英文例句未使用目标词条
[2026-08-15T22:52:55.592Z] be indicative of	英文例句未使用目标词条
[2026-08-15T22:52:55.593Z] be indispensable for	英文例句未使用目标词条
[2026-08-15T22:52:55.593Z] be indispensable to	英文例句未使用目标词条
[2026-08-15T22:52:55.594Z] be inferior to	英文例句未使用目标词条
[2026-08-15T22:52:55.594Z] be innocent of	英文例句未使用目标词条
[2026-08-15T22:52:55.594Z] be innovative with	英文例句未使用目标词条
[2026-08-15T22:52:55.595Z] be instrumental in	英文例句未使用目标词条
[2026-08-15T22:53:57.044Z] be intent on	英文例句未使用目标词条
[2026-08-15T22:53:57.045Z] be interested in	英文例句未使用目标词条
[2026-08-15T22:53:57.046Z] be involved in	英文例句未使用目标词条
[2026-08-15T22:53:57.046Z] be irrespective of	英文例句未使用目标词条
[2026-08-15T22:53:57.047Z] be isolated from	英文例句未使用目标词条
[2026-08-15T22:53:57.047Z] be keen about	英文例句未使用目标词条
[2026-08-15T22:53:57.048Z] be keen on	英文例句未使用目标词条
[2026-08-15T22:53:57.048Z] be kidding	英文例句未使用目标词条
[2026-08-15T22:55:08.069Z] be kind to	英文例句未使用目标词条
[2026-08-15T22:55:08.070Z] be known as	英文例句未使用目标词条
[2026-08-15T22:55:08.071Z] be known for	英文例句未使用目标词条
[2026-08-15T22:55:08.072Z] be late for	英文例句未使用目标词条
[2026-08-15T22:55:08.072Z] be liable for	英文例句未使用目标词条
[2026-08-15T22:55:08.073Z] be liable to	英文例句未使用目标词条
[2026-08-15T22:55:08.073Z] be likely to	英文例句未使用目标词条
[2026-08-15T22:55:08.073Z] be likely to do	英文例句未使用目标词条
[2026-08-15T22:55:08.074Z] be limited to	英文例句未使用目标词条
[2026-08-15T22:55:08.074Z] be linked to	英文例句未使用目标词条
[2026-08-15T22:56:17.316Z] be located at	英文例句未使用目标词条
[2026-08-15T22:56:17.316Z] be located in	英文例句未使用目标词条
[2026-08-15T22:56:17.317Z] be located on	英文例句未使用目标词条
[2026-08-15T22:56:17.318Z] be lost in	英文例句未使用目标词条
[2026-08-15T22:56:17.318Z] be loyal to	英文例句未使用目标词条
[2026-08-15T22:56:17.319Z] be mad about	英文例句未使用目标词条
[2026-08-15T22:56:17.319Z] be mad at	英文例句未使用目标词条
[2026-08-15T22:56:17.320Z] be made from	英文例句未使用目标词条
[2026-08-15T22:56:17.320Z] be made in	英文例句未使用目标词条
[2026-08-15T22:56:17.320Z] be made into	英文例句未使用目标词条
[2026-08-15T22:57:20.910Z] be made out of	英文例句未使用目标词条
[2026-08-15T22:57:20.911Z] be made up of	英文例句未使用目标词条
[2026-08-15T22:57:20.911Z] be married to	英文例句未使用目标词条
[2026-08-15T22:57:20.912Z] be meant to	英文例句未使用目标词条
[2026-08-15T22:57:20.912Z] be motivated to do	英文例句未使用目标词条
[2026-08-15T22:57:20.913Z] be moved by	英文例句未使用目标词条
[2026-08-15T22:57:20.913Z] be nervous about	英文例句未使用目标词条
[2026-08-15T22:57:20.914Z] be nervous of	英文例句未使用目标词条
[2026-08-15T22:58:17.327Z] be not in the mood	英文例句未使用目标词条
[2026-08-15T22:58:17.327Z] be notorious for	英文例句未使用目标词条
[2026-08-15T22:58:17.328Z] be obsessed with	英文例句未使用目标词条
[2026-08-15T22:58:17.328Z] be occupied with	英文例句未使用目标词条
[2026-08-15T22:58:17.329Z] be off	英文例句未使用目标词条
[2026-08-15T22:58:17.329Z] be off guard	英文例句未使用目标词条
[2026-08-15T22:58:17.330Z] be off one's guard	英文例句未使用目标词条
[2026-08-15T22:59:18.015Z] be off the track	英文例句未使用目标词条
[2026-08-15T22:59:18.016Z] be on	英文例句未使用目标词条
[2026-08-15T22:59:18.016Z] be on a diet	英文例句未使用目标词条
[2026-08-15T22:59:18.017Z] be on medication	英文例句未使用目标词条
[2026-08-15T22:59:18.017Z] be on one's guard	英文例句未使用目标词条
[2026-08-15T22:59:18.018Z] be on sale	英文例句未使用目标词条
[2026-08-15T22:59:18.018Z] be on speaking terms	英文例句未使用目标词条
[2026-08-15T23:00:24.697Z] be on the increase	英文例句未使用目标词条
[2026-08-15T23:00:24.698Z] be on the job	英文例句未使用目标词条
[2026-08-15T23:00:24.698Z] be on the point of	英文例句未使用目标词条
[2026-08-15T23:00:24.699Z] be open to	英文例句未使用目标词条
[2026-08-15T23:00:24.699Z] be opposed to	英文例句未使用目标词条
[2026-08-15T23:00:24.700Z] be optimistic about	英文例句未使用目标词条
[2026-08-15T23:00:24.700Z] be out of action	英文例句未使用目标词条
[2026-08-15T23:00:24.701Z] be out of breath	英文例句未使用目标词条
[2026-08-15T23:00:24.701Z] be out of condition	英文例句未使用目标词条
[2026-08-15T23:01:36.928Z] be out of control	英文例句未使用目标词条
[2026-08-15T23:01:36.929Z] be out of date	英文例句未使用目标词条
[2026-08-15T23:01:36.930Z] be out of focus	英文例句未使用目标词条
[2026-08-15T23:01:36.930Z] be out of print	英文例句未使用目标词条
[2026-08-15T23:01:36.931Z] be out of sight	英文例句未使用目标词条
[2026-08-15T23:01:36.931Z] be out of stock	英文例句未使用目标词条
[2026-08-15T23:01:36.932Z] be out of temper	英文例句未使用目标词条
[2026-08-15T23:01:36.932Z] be out of touch	英文例句未使用目标词条
[2026-08-15T23:01:36.933Z] be out of work	英文例句未使用目标词条
[2026-08-15T23:01:36.934Z] be packed with	英文例句未使用目标词条
[2026-08-15T23:02:47.199Z] be parallel to	英文例句未使用目标词条
[2026-08-15T23:02:47.199Z] be partial to	英文例句未使用目标词条
[2026-08-15T23:02:47.200Z] be particular about	英文例句未使用目标词条
[2026-08-15T23:02:47.200Z] be patient with	英文例句未使用目标词条
[2026-08-15T23:02:47.201Z] be pleased at	英文例句未使用目标词条
[2026-08-15T23:02:47.201Z] be pleased with	英文例句未使用目标词条
[2026-08-15T23:02:47.201Z] be poor in	英文例句未使用目标词条
[2026-08-15T23:02:47.202Z] be popular among	英文例句未使用目标词条
[2026-08-15T23:02:47.202Z] be popular with	英文例句未使用目标词条
[2026-08-15T23:03:53.137Z] be prepared for	英文例句未使用目标词条
[2026-08-15T23:03:53.139Z] be prepared to do	英文例句未使用目标词条
[2026-08-15T23:03:53.139Z] be prone to	英文例句未使用目标词条
[2026-08-15T23:03:53.140Z] be proud about	英文例句未使用目标词条
[2026-08-15T23:03:53.140Z] be proud of	英文例句未使用目标词条
[2026-08-15T23:03:53.140Z] be proud to	英文例句未使用目标词条
[2026-08-15T23:03:53.141Z] be pumped out	英文例句未使用目标词条
[2026-08-15T23:03:53.141Z] be puzzled by	英文例句未使用目标词条
[2026-08-15T23:03:53.142Z] be ready for	英文例句未使用目标词条
[2026-08-15T23:04:49.925Z] be related to	英文例句未使用目标词条
[2026-08-15T23:04:49.926Z] be relative to	英文例句未使用目标词条
[2026-08-15T23:04:49.927Z] be relevant to	英文例句未使用目标词条
[2026-08-15T23:04:49.928Z] be relieved to	英文例句未使用目标词条
[2026-08-15T23:04:49.928Z] be reluctant to	英文例句未使用目标词条
[2026-08-15T23:04:49.929Z] be remarkable for	英文例句未使用目标词条
[2026-08-15T23:04:49.929Z] be removed from	英文例句未使用目标词条
[2026-08-15T23:05:52.869Z] be responsible for	英文例句未使用目标词条
[2026-08-15T23:05:52.870Z] be responsible to	英文例句未使用目标词条
[2026-08-15T23:05:52.871Z] be restricted to	英文例句未使用目标词条
[2026-08-15T23:05:52.871Z] be reviewed as	英文例句未使用目标词条
[2026-08-15T23:05:52.872Z] be rich in	英文例句未使用目标词条
[2026-08-15T23:05:52.872Z] be sad for	英文例句未使用目标词条
[2026-08-15T23:05:52.872Z] be satisfied with	英文例句未使用目标词条
[2026-08-15T23:05:52.873Z] be scanned into digital files	英文例句未使用目标词条
[2026-08-15T23:07:00.021Z] be scared of	英文例句未使用目标词条
[2026-08-15T23:07:00.022Z] be scared to death	英文例句未使用目标词条
[2026-08-15T23:07:00.022Z] be scheduled for	英文例句未使用目标词条
[2026-08-15T23:07:00.023Z] be secure from	英文例句未使用目标词条
[2026-08-15T23:07:00.023Z] be sensitive to	英文例句未使用目标词条
[2026-08-15T23:07:00.024Z] be sentenced to death	英文例句未使用目标词条
[2026-08-15T23:07:00.024Z] be serious about	英文例句未使用目标词条
[2026-08-15T23:07:00.025Z] be shocked to do	英文例句未使用目标词条
[2026-08-15T23:07:00.025Z] be short for	英文例句未使用目标词条
[2026-08-15T23:07:00.025Z] be short of	英文例句未使用目标词条
[2026-08-15T23:08:11.209Z] be shouted at	英文例句未使用目标词条
[2026-08-15T23:08:11.210Z] be sick of	英文例句未使用目标词条
[2026-08-15T23:08:11.211Z] be sick with	英文例句未使用目标词条
[2026-08-15T23:08:11.211Z] be similar	英文例句未使用目标词条
[2026-08-15T23:08:11.212Z] be similar to	英文例句未使用目标词条
[2026-08-15T23:08:11.212Z] be skeptical about	英文例句未使用目标词条
[2026-08-15T23:08:11.213Z] be sorry for	英文例句未使用目标词条
[2026-08-15T23:08:11.213Z] be strange to	英文例句未使用目标词条
[2026-08-15T23:08:11.213Z] be stressed out	英文例句未使用目标词条
[2026-08-15T23:08:11.214Z] be strict in	英文例句未使用目标词条
[2026-08-15T23:09:18.712Z] be strict with	英文例句未使用目标词条
[2026-08-15T23:09:18.712Z] be stuck	英文例句未使用目标词条
[2026-08-15T23:09:18.713Z] be stuck in	英文例句未使用目标词条
[2026-08-15T23:09:18.713Z] be stuck on	英文例句未使用目标词条
[2026-08-15T23:09:18.713Z] be stuck with	英文例句未使用目标词条
[2026-08-15T23:09:18.714Z] be suitable for	英文例句未使用目标词条
[2026-08-15T23:09:18.714Z] be suited to	英文例句未使用目标词条
[2026-08-15T23:09:18.715Z] be superior to	英文例句未使用目标词条
[2026-08-15T23:09:18.715Z] be supposed to	英文例句未使用目标词条
[2026-08-15T23:09:18.716Z] be supposed to do	英文例句未使用目标词条
[2026-08-15T23:10:22.860Z] be sure about	英文例句未使用目标词条
[2026-08-15T23:10:22.861Z] be sure of	英文例句未使用目标词条
[2026-08-15T23:10:22.861Z] be sure to	英文例句未使用目标词条
[2026-08-15T23:10:22.862Z] be surprised at	英文例句未使用目标词条
[2026-08-15T23:10:22.862Z] be surprised to	英文例句未使用目标词条
[2026-08-15T23:10:22.863Z] be susceptible to	英文例句未使用目标词条
[2026-08-15T23:10:22.863Z] be suspicious of	英文例句未使用目标词条
[2026-08-15T23:10:22.863Z] be swamped with	英文例句未使用目标词条
[2026-08-15T23:11:26.972Z] be sympathetic to	英文例句未使用目标词条
[2026-08-15T23:11:26.973Z] be taken aback	英文例句未使用目标词条
[2026-08-15T23:11:26.974Z] be taken to court	英文例句未使用目标词条
[2026-08-15T23:11:26.974Z] be talented in	英文例句未使用目标词条
[2026-08-15T23:11:26.975Z] be teeming with	英文例句未使用目标词条
[2026-08-15T23:11:26.975Z] be terrified of	英文例句未使用目标词条
[2026-08-15T23:11:26.975Z] be through	英文例句未使用目标词条
[2026-08-15T23:11:26.976Z] be through with	英文例句未使用目标词条
[2026-08-15T23:11:26.976Z] be tired from	英文例句未使用目标词条
[2026-08-15T23:12:27.099Z] be tired of	英文例句未使用目标词条
[2026-08-15T23:12:27.100Z] be tired out	英文例句未使用目标词条
[2026-08-15T23:12:27.101Z] be to blame	英文例句未使用目标词条
[2026-08-15T23:12:27.101Z] be told to do	英文例句未使用目标词条
[2026-08-15T23:12:27.102Z] be true of	英文例句未使用目标词条
[2026-08-15T23:12:27.102Z] be unaware of	英文例句未使用目标词条
[2026-08-15T23:12:27.103Z] be under control	英文例句未使用目标词条
[2026-08-15T23:12:27.103Z] be under way	英文例句未使用目标词条
[2026-08-15T23:13:36.166Z] be unfamiliar to	英文例句未使用目标词条
[2026-08-15T23:13:36.167Z] be unfamiliar with	英文例句未使用目标词条
[2026-08-15T23:13:36.168Z] be unique to	英文例句未使用目标词条
[2026-08-15T23:13:36.168Z] be unwilling to do	英文例句未使用目标词条
[2026-08-15T23:13:36.169Z] be up to	英文例句未使用目标词条
[2026-08-15T23:13:36.169Z] be up to date	英文例句未使用目标词条
[2026-08-15T23:13:36.170Z] be up to the minute	英文例句未使用目标词条
[2026-08-15T23:13:36.170Z] be used as	英文例句未使用目标词条
[2026-08-15T23:13:36.171Z] be used for	英文例句未使用目标词条
[2026-08-15T23:13:36.171Z] be used to	英文例句未使用目标词条
[2026-08-15T23:14:32.865Z] be used to do	英文例句未使用目标词条
[2026-08-15T23:14:32.865Z] be used to doing	英文例句未使用目标词条
[2026-08-15T23:14:32.866Z] be vital to	英文例句未使用目标词条
[2026-08-15T23:14:32.866Z] be weary of	英文例句未使用目标词条
[2026-08-15T23:14:32.867Z] be well off	英文例句未使用目标词条
[2026-08-15T23:14:32.867Z] be willing to	英文例句未使用目标词条
[2026-08-15T23:14:32.867Z] be without compare	英文例句未使用目标词条
[2026-08-15T23:15:29.025Z] be worn out	英文例句未使用目标词条
[2026-08-15T23:15:29.026Z] be worried about	英文例句未使用目标词条
[2026-08-15T23:15:29.026Z] be worth doing	英文例句未使用目标词条
[2026-08-15T23:15:29.027Z] be worthy of	英文例句未使用目标词条
[2026-08-15T23:15:29.027Z] be worthy to	英文例句未使用目标词条
[2026-08-15T23:19:55.186Z] beget	英文例句未使用目标词条
[2026-08-15T23:19:55.187Z] begin with	英文例句未使用目标词条
[2026-08-15T23:21:40.383Z] belong to	英文例句包含不必要的常见人名
[2026-08-15T23:22:25.472Z] bend	英文例句未使用目标词条
[2026-08-15T23:22:25.474Z] bend over	英文例句未使用目标词条
[2026-08-15T23:23:10.754Z] bend over backwards	英文例句未使用目标词条
[2026-08-15T23:23:10.755Z] benefit by	英文例句未使用目标词条
[2026-08-15T23:26:12.610Z] beyond one's control	英文例句未使用目标词条
[2026-08-15T23:27:25.254Z] bile	英文例句未使用目标词条
[2026-08-15T23:28:37.606Z] birth	英文例句未使用目标词条
[2026-08-15T23:30:36.275Z] blanch	英文例句未使用目标词条
[2026-08-15T23:32:17.812Z] blend in	英文例句未使用目标词条
[2026-08-15T23:34:18.245Z] blow away	英文例句未使用目标词条
[2026-08-15T23:35:03.417Z] blow up	英文例句未使用目标词条
[2026-08-15T23:35:42.550Z] boast about	英文例句未使用目标词条
[2026-08-15T23:35:42.550Z] boast of	英文例句未使用目标词条
[2026-08-15T23:42:46.333Z] brave	英文例句未使用目标词条
[2026-08-15T23:43:31.012Z] brazen	英文例句未使用目标词条
[2026-08-15T23:44:37.922Z] break in	英文例句未使用目标词条
[2026-08-15T23:44:37.923Z] break into	英文例句未使用目标词条
[2026-08-15T23:44:37.923Z] break into pieces	英文例句未使用目标词条
[2026-08-15T23:44:37.924Z] break off	英文例句未使用目标词条
[2026-08-15T23:44:37.924Z] break one's heart	英文例句未使用目标词条
[2026-08-15T23:44:37.925Z] break one's promise	英文例句未使用目标词条
[2026-08-15T23:44:37.925Z] break out	英文例句未使用目标词条
[2026-08-15T23:44:37.926Z] break out into	英文例句未使用目标词条
[2026-08-15T23:44:37.926Z] break records	英文例句未使用目标词条
[2026-08-15T23:45:28.030Z] break the record	英文例句未使用目标词条
[2026-08-15T23:45:28.031Z] break through	英文例句未使用目标词条
[2026-08-15T23:45:28.031Z] break up	英文例句未使用目标词条
[2026-08-15T23:45:28.032Z] breast	英文例句未使用目标词条
[2026-08-15T23:48:28.486Z] bring about	英文例句未使用目标词条
[2026-08-15T23:48:28.486Z] bring along	英文例句未使用目标词条
[2026-08-15T23:48:28.487Z] bring an end to	英文例句未使用目标词条
[2026-08-15T23:48:28.488Z] bring around	英文例句未使用目标词条
[2026-08-15T23:48:28.488Z] bring back	英文例句未使用目标词条
[2026-08-15T23:48:28.489Z] bring down	英文例句未使用目标词条
[2026-08-15T23:49:23.548Z] bring home the bacon	英文例句未使用目标词条
[2026-08-15T23:49:23.549Z] bring in	英文例句未使用目标词条
[2026-08-15T23:49:23.549Z] bring off	英文例句未使用目标词条
[2026-08-15T23:49:23.550Z] bring on	英文例句未使用目标词条
[2026-08-15T23:49:23.550Z] bring out	英文例句未使用目标词条
[2026-08-15T23:49:23.551Z] bring round	英文例句未使用目标词条
[2026-08-15T23:50:09.807Z] bring through	英文例句未使用目标词条
[2026-08-15T23:50:09.808Z] bring to justice	英文例句未使用目标词条
[2026-08-15T23:50:09.809Z] bring up	英文例句未使用目标词条
[2026-08-15T23:52:11.678Z] brood on	英文例句未使用目标词条
[2026-08-15T23:52:59.488Z] brush aside	英文例句未使用目标词条
[2026-08-15T23:52:59.488Z] brush off	英文例句未使用目标词条
[2026-08-15T23:52:59.489Z] brush up lessons	英文例句未使用目标词条
[2026-08-15T23:53:44.343Z] buck against	英文例句未使用目标词条
[2026-08-15T23:53:44.344Z] buck for	英文例句未使用目标词条
[2026-08-15T23:55:09.967Z] build on	英文例句未使用目标词条
[2026-08-15T23:55:09.968Z] build up one's confidence	英文例句未使用目标词条
[2026-08-15T23:56:31.898Z] bump against	英文例句未使用目标词条
[2026-08-15T23:56:31.899Z] bump into	英文例句未使用目标词条
[2026-08-15T23:58:55.678Z] burn one's bridges	英文例句未使用目标词条
[2026-08-15T23:58:55.678Z] burn out	英文例句未使用目标词条
[2026-08-15T23:58:55.679Z] burn to death	英文例句未使用目标词条
[2026-08-15T23:58:55.679Z] burn up	英文例句未使用目标词条
[2026-08-16T00:01:33.929Z] buzz about	英文例句未使用目标词条
[2026-08-16T00:01:33.930Z] buzz around	英文例句未使用目标词条
[2026-08-16T00:04:21.283Z] by turns	英文例句未使用目标词条
[2026-08-16T00:06:48.848Z] call about	英文例句未使用目标词条
[2026-08-16T00:06:48.849Z] call at	英文例句未使用目标词条
[2026-08-16T00:06:48.849Z] call for help	英文例句未使用目标词条
[2026-08-16T00:06:48.849Z] call in	英文例句未使用目标词条
[2026-08-16T00:07:38.059Z] call on	英文例句未使用目标词条
[2026-08-16T00:07:38.060Z] call out	英文例句未使用目标词条
[2026-08-16T00:07:38.060Z] call up	英文例句未使用目标词条
[2026-08-16T00:08:48.254Z] can't help doing	英文例句未使用目标词条
[2026-08-16T00:10:02.766Z] cannot help doing	英文例句未使用目标词条
[2026-08-16T00:15:09.119Z] carry away	英文例句未使用目标词条
[2026-08-16T00:15:09.120Z] carry off	英文例句未使用目标词条
[2026-08-16T00:15:58.184Z] carve out	英文例句未使用目标词条
[2026-08-16T00:15:58.185Z] carve up	英文例句未使用目标词条
[2026-08-16T00:19:14.385Z] catch	英文例句未使用目标词条
[2026-08-16T00:19:14.385Z] catch a cold	英文例句未使用目标词条
[2026-08-16T00:19:14.386Z] catch a flu	英文例句未使用目标词条
[2026-08-16T00:19:14.386Z] catch a glimpse of	英文例句未使用目标词条
[2026-08-16T00:19:14.387Z] catch cold	英文例句未使用目标词条
[2026-08-16T00:19:14.387Z] catch fire	英文例句未使用目标词条
[2026-08-16T00:19:14.388Z] catch hold of	英文例句未使用目标词条
[2026-08-16T00:19:14.388Z] catch on	英文例句未使用目标词条
[2026-08-16T00:19:14.389Z] catch one's breath	英文例句未使用目标词条
[2026-08-16T00:19:56.025Z] catch one's eye	英文例句未使用目标词条
[2026-08-16T00:19:56.026Z] catch sight of	英文例句未使用目标词条
[2026-08-16T00:19:56.026Z] catch up	英文例句未使用目标词条
[2026-08-16T00:25:31.786Z] challenging	英文例句未使用目标词条
[2026-08-16T00:26:20.370Z] change into	英文例句未使用目标词条
[2026-08-16T00:26:20.371Z] change one's mind	英文例句未使用目标词条
[2026-08-16T00:26:20.371Z] change the channel	英文例句未使用目标词条
[2026-08-16T00:28:25.986Z] chase up	英文例句未使用目标词条
[2026-08-16T00:29:16.728Z] check out	英文例句未使用目标词条
[2026-08-16T00:29:57.001Z] cheek	英文例句未使用目标词条
[2026-08-16T00:35:06.515Z] chronical	英文例句未使用目标词条
[2026-08-16T00:35:38.979Z] chuck	英文例句未使用目标词条
[2026-08-16T00:40:03.025Z] clean up	英文例句未使用目标词条
[2026-08-16T00:40:58.533Z] clear away	英文例句未使用目标词条
[2026-08-16T00:40:58.533Z] clear off	英文例句未使用目标词条
[2026-08-16T00:40:58.534Z] clear the way for	英文例句未使用目标词条
[2026-08-16T00:40:58.534Z] clear up	英文例句未使用目标词条
[2026-08-16T00:42:20.039Z] climb up	英文例句未使用目标词条
[2026-08-16T00:47:23.788Z] coincide with	英文例句未使用目标词条
[2026-08-16T00:48:39.250Z] collide with	英文例句未使用目标词条
[2026-08-16T00:50:47.109Z] come	英文例句未使用目标词条
[2026-08-16T00:50:47.110Z] come about	英文例句未使用目标词条
[2026-08-16T00:50:47.110Z] come across	英文例句未使用目标词条
[2026-08-16T00:50:47.111Z] come after	英文例句未使用目标词条
[2026-08-16T00:52:00.411Z] come apart	英文例句未使用目标词条
[2026-08-16T00:52:00.412Z] come around	英文例句未使用目标词条
[2026-08-16T00:52:00.412Z] come at	英文例句未使用目标词条
[2026-08-16T00:52:00.413Z] come away	英文例句未使用目标词条
[2026-08-16T00:52:00.413Z] come away from	英文例句未使用目标词条
[2026-08-16T00:52:00.413Z] come back	英文例句未使用目标词条
[2026-08-16T00:52:00.414Z] come between	英文例句未使用目标词条
[2026-08-16T00:52:00.414Z] come by	英文例句未使用目标词条
[2026-08-16T00:52:00.415Z] come down	英文例句未使用目标词条
[2026-08-16T00:53:02.106Z] come down to	英文例句未使用目标词条
[2026-08-16T00:53:02.107Z] come down with	英文例句未使用目标词条
[2026-08-16T00:53:02.107Z] come forward	英文例句未使用目标词条
[2026-08-16T00:53:02.108Z] come from	英文例句未使用目标词条
[2026-08-16T00:53:02.108Z] come in	英文例句未使用目标词条
[2026-08-16T00:53:02.109Z] come in contact with	英文例句未使用目标词条
[2026-08-16T00:53:02.109Z] come in for	英文例句未使用目标词条
[2026-08-16T00:53:02.110Z] come into being	英文例句未使用目标词条
[2026-08-16T00:54:10.616Z] come into existence	英文例句未使用目标词条
[2026-08-16T00:54:10.617Z] come into view	英文例句未使用目标词条
[2026-08-16T00:54:10.617Z] come off	英文例句未使用目标词条
[2026-08-16T00:54:10.618Z] come on	英文例句未使用目标词条
[2026-08-16T00:54:10.618Z] come on to	英文例句未使用目标词条
[2026-08-16T00:54:10.619Z] come out on top	英文例句未使用目标词条
[2026-08-16T00:54:10.619Z] come out with	英文例句未使用目标词条
[2026-08-16T00:54:10.620Z] come over	英文例句未使用目标词条
[2026-08-16T00:54:10.620Z] come round	英文例句未使用目标词条
[2026-08-16T00:55:17.593Z] come straight to the point	英文例句未使用目标词条
[2026-08-16T00:55:17.593Z] come through	英文例句未使用目标词条
[2026-08-16T00:55:17.594Z] come to	英文例句未使用目标词条
[2026-08-16T00:55:17.595Z] come to an end	英文例句未使用目标词条
[2026-08-16T00:55:17.595Z] come to blows	英文例句未使用目标词条
[2026-08-16T00:55:17.595Z] come to know	英文例句未使用目标词条
[2026-08-16T00:55:17.596Z] come to life	英文例句未使用目标词条
[2026-08-16T00:55:17.596Z] come to nothing	英文例句未使用目标词条
[2026-08-16T00:55:17.597Z] come to one's senses	英文例句未使用目标词条
[2026-08-16T00:56:22.468Z] come to oneself	英文例句未使用目标词条
[2026-08-16T00:56:22.469Z] come to terms	英文例句未使用目标词条
[2026-08-16T00:56:22.469Z] come to terms with	英文例句未使用目标词条
[2026-08-16T00:56:22.469Z] come to the fore	英文例句未使用目标词条
[2026-08-16T00:56:22.470Z] come up	英文例句未使用目标词条
[2026-08-16T00:56:22.470Z] come up against	英文例句未使用目标词条
[2026-08-16T00:56:22.471Z] come up with	英文例句未使用目标词条
[2026-08-16T00:59:12.315Z] commit a crime	英文例句未使用目标词条
[2026-08-16T00:59:12.315Z] commit to	英文例句未使用目标词条
[2026-08-16T01:01:59.138Z] compare to	英文例句未使用目标词条
[2026-08-16T01:01:59.139Z] compare with	英文例句未使用目标词条
[2026-08-16T01:04:23.920Z] complain about	英文例句未使用目标词条
[2026-08-16T01:04:23.921Z] complain of	英文例句未使用目标词条
[2026-08-16T01:04:23.922Z] complain to	英文例句未使用目标词条
[2026-08-16T01:08:19.874Z] concern with	英文例句未使用目标词条
[2026-08-16T01:10:12.503Z] confer on	英文例句未使用目标词条
[2026-08-16T01:10:54.341Z] confess to	英文例句未使用目标词条
[2026-08-16T01:10:54.342Z] confide in	英文例句未使用目标词条
[2026-08-16T01:11:35.245Z] confine oneself to doing	英文例句未使用目标词条
[2026-08-16T01:12:16.203Z] conflict with	英文例句未使用目标词条
[2026-08-16T01:13:29.917Z] congratulate on	英文例句未使用目标词条
[2026-08-16T01:13:29.918Z] congratulate upon	英文例句未使用目标词条
[2026-08-16T01:16:49.813Z] consider as	英文例句未使用目标词条
[2026-08-16T01:16:49.814Z] consider to be	英文例句未使用目标词条
[2026-08-16T01:17:36.468Z] consist in	英文例句未使用目标词条
[2026-08-16T01:17:36.469Z] consist of	英文例句未使用目标词条
[2026-08-16T01:19:29.506Z] consume with	英文例句未使用目标词条
[2026-08-16T01:21:23.869Z] continent	英文例句与已有记录重复
[2026-08-16T01:22:36.588Z] contribute to	英文例句未使用目标词条
[2026-08-16T01:24:39.323Z] convert to	英文例句未使用目标词条
[2026-08-16T01:25:28.225Z] cook up	英文例句未使用目标词条
[2026-08-16T01:25:28.226Z] cool off	英文例句未使用目标词条
[2026-08-16T01:30:13.838Z] couldn't help doing	英文例句未使用目标词条
[2026-08-16T01:30:55.622Z] count in	英文例句未使用目标词条
[2026-08-16T01:31:35.548Z] count out	英文例句未使用目标词条
[2026-08-16T01:31:35.548Z] count up	英文例句未使用目标词条
[2026-08-16T01:33:32.474Z] cover an area of	英文例句未使用目标词条
[2026-08-16T01:34:16.315Z] crack down	英文例句未使用目标词条
[2026-08-16T01:34:53.534Z] crack up	英文例句未使用目标词条
[2026-08-16T01:35:46.270Z] crash down	英文例句未使用目标词条
[2026-08-16T01:35:46.270Z] crash into	英文例句未使用目标词条
[2026-08-16T01:40:04.468Z] cross out	英文例句未使用目标词条
[2026-08-16T01:40:04.468Z] cross-examine	英文例句未使用目标词条
[2026-08-16T01:42:04.580Z] cry out	英文例句未使用目标词条
[2026-08-16T01:42:04.581Z] cry out for	英文例句未使用目标词条
[2026-08-16T01:43:55.022Z] curd	英文例句未使用目标词条
[2026-08-16T01:44:30.865Z] curl	英文例句未使用目标词条
[2026-08-16T01:49:11.557Z] dance to	英文例句未使用目标词条
[2026-08-16T01:49:55.661Z] dare to	英文例句未使用目标词条
[2026-08-16T01:50:40.279Z] dash off	英文例句未使用目标词条
[2026-08-16T01:51:28.198Z] date back to	英文例句未使用目标词条
[2026-08-16T01:51:28.199Z] date from	英文例句未使用目标词条
[2026-08-16T01:55:03.368Z] debate with	英文例句未使用目标词条
[2026-08-16T01:56:19.417Z] decide on	英文例句未使用目标词条
[2026-08-16T01:56:19.418Z] decide upon	英文例句未使用目标词条
[2026-08-16T01:57:42.754Z] declare for	英文例句未使用目标词条
[2026-08-16T01:57:42.755Z] declare war against	英文例句未使用目标词条
[2026-08-16T01:57:42.755Z] declare war on	英文例句未使用目标词条
[2026-08-16T01:58:15.520Z] dedicate one's energy to	英文例句未使用目标词条
[2026-08-16T01:58:56.797Z] dedicate to	英文例句未使用目标词条
[2026-08-16T02:01:52.869Z] deliberate	英文例句未使用目标词条
[2026-08-16T02:03:30.410Z] deliver a judgment	英文例句未使用目标词条
[2026-08-16T02:03:30.410Z] deliver a lecture	英文例句未使用目标词条
[2026-08-16T02:03:30.411Z] deliver a speech	英文例句未使用目标词条
[2026-08-16T02:03:30.412Z] deliver a verdict	英文例句未使用目标词条
[2026-08-16T02:03:30.412Z] deliver an address	英文例句未使用目标词条
[2026-08-16T02:07:45.678Z] deposit a layer of sediment	英文例句未使用目标词条
[2026-08-16T02:08:28.518Z] deprive of	英文例句未使用目标词条
[2026-08-16T02:09:57.350Z] derive from	英文例句未使用目标词条
[2026-08-16T02:09:57.350Z] descend from	英文例句未使用目标词条
[2026-08-16T02:09:57.351Z] descend on	英文例句未使用目标词条
[2026-08-16T02:09:57.351Z] descend to	英文例句未使用目标词条
[2026-08-16T02:09:57.352Z] descend upon	英文例句未使用目标词条
[2026-08-16T02:14:50.511Z] develop film	英文例句未使用目标词条
[2026-08-16T02:16:19.973Z] devote oneself to	英文例句未使用目标词条
[2026-08-16T02:16:19.974Z] devote to	英文例句未使用目标词条
[2026-08-16T02:18:19.778Z] die away	英文例句未使用目标词条
[2026-08-16T02:18:19.778Z] die down	英文例句未使用目标词条
[2026-08-16T02:18:19.779Z] die for	英文例句未使用目标词条
[2026-08-16T02:19:26.404Z] die from	英文例句未使用目标词条
[2026-08-16T02:19:26.404Z] die of	英文例句未使用目标词条
[2026-08-16T02:19:26.405Z] die out	英文例句未使用目标词条
[2026-08-16T02:31:09.001Z] disorientate	英文例句未使用目标词条
[2026-08-16T02:32:30.561Z] dispute against	英文例句未使用目标词条
[2026-08-16T02:32:30.562Z] dispute with	英文例句未使用目标词条
[2026-08-16T02:33:17.929Z] disrespect	英文例句未使用目标词条
[2026-08-16T02:36:17.997Z] distinguish oneself	英文例句未使用目标词条
[2026-08-16T02:36:17.997Z] distort the original meaning	英文例句未使用目标词条
[2026-08-16T02:36:17.998Z] distract from	英文例句未使用目标词条
[2026-08-16T02:40:00.233Z] appear to	英文例句未使用目标词条
[2026-08-16T02:40:00.233Z] arise from	英文例句未使用目标词条
[2026-08-16T02:40:00.234Z] ask for	英文例句未使用目标词条
[2026-08-16T02:40:11.719Z] achieve one's dreams	英文例句未使用目标词条
[2026-08-16T02:40:11.719Z] acquaint with	英文例句未使用目标词条
[2026-08-16T02:40:11.720Z] add to	英文例句未使用目标词条
[2026-08-16T02:40:11.721Z] agree to	英文例句未使用目标词条
[2026-08-16T02:40:11.721Z] agree upon	英文例句未使用目标词条
[2026-08-16T02:40:11.722Z] aim at	英文例句未使用目标词条
[2026-08-16T02:40:11.723Z] aim to	英文例句未使用目标词条
[2026-08-16T02:42:19.397Z] assign to	英文例句未使用目标词条
[2026-08-16T02:42:19.398Z] assist with	英文例句未使用目标词条
[2026-08-16T02:42:19.398Z] associate with	英文例句未使用目标词条
[2026-08-16T02:42:19.399Z] at one's best	英文例句未使用目标词条
[2026-08-16T02:42:19.399Z] attach to	英文例句未使用目标词条
[2026-08-16T02:42:19.400Z] attempt to	英文例句未使用目标词条
[2026-08-16T02:42:19.400Z] attempt to do	英文例句未使用目标词条
[2026-08-16T02:42:28.842Z] attribute to	英文例句未使用目标词条
[2026-08-16T02:42:28.843Z] await trial	英文例句未使用目标词条
[2026-08-16T02:42:28.844Z] awake to	英文例句未使用目标词条
[2026-08-16T02:42:28.844Z] back away	英文例句未使用目标词条
[2026-08-16T02:42:28.845Z] back on one's feet	英文例句未使用目标词条
[2026-08-16T02:42:28.845Z] back up	英文例句未使用目标词条
[2026-08-16T02:42:28.846Z] balance between A and B	英文例句未使用目标词条
[2026-08-16T02:42:28.846Z] bargain on	英文例句未使用目标词条
[2026-08-16T02:44:39.136Z] base on	英文例句未使用目标词条
[2026-08-16T02:44:39.136Z] base upon	英文例句未使用目标词条
[2026-08-16T02:44:39.138Z] be able to	英文例句未使用目标词条
[2026-08-16T02:44:39.138Z] be absent from	英文例句未使用目标词条
[2026-08-16T02:44:39.139Z] be absorbed in	英文例句未使用目标词条
[2026-08-16T02:44:39.140Z] be abundant in	英文例句未使用目标词条
[2026-08-16T02:44:39.141Z] be accompanied by	英文例句未使用目标词条
[2026-08-16T02:44:39.141Z] be accused of	英文例句未使用目标词条
[2026-08-16T02:44:39.142Z] be accustomed to	英文例句未使用目标词条
[2026-08-16T02:44:39.142Z] be adapted to	英文例句未使用目标词条
[2026-08-16T02:44:52.385Z] be addicted to	英文例句未使用目标词条
[2026-08-16T02:44:52.386Z] be adequate for	英文例句未使用目标词条
[2026-08-16T02:44:52.386Z] be admitted into	英文例句未使用目标词条
[2026-08-16T02:44:52.387Z] be admitted to	英文例句未使用目标词条
[2026-08-16T02:44:52.387Z] be advisable to	英文例句未使用目标词条
[2026-08-16T02:44:52.388Z] be afraid	英文例句未使用目标词条
[2026-08-16T02:44:52.388Z] be against	英文例句未使用目标词条
[2026-08-16T02:44:52.389Z] be alienated from	英文例句未使用目标词条
[2026-08-16T02:44:52.390Z] be allergic to	英文例句未使用目标词条
[2026-08-16T02:44:52.390Z] be angry with	英文例句未使用目标词条
[2026-08-16T02:47:03.196Z] be anxious about	英文例句未使用目标词条
[2026-08-16T02:47:03.197Z] be applicable to	英文例句未使用目标词条
[2026-08-16T02:47:03.198Z] be around the corner	英文例句未使用目标词条
[2026-08-16T02:47:03.198Z] be ashamed of	英文例句未使用目标词条
[2026-08-16T02:47:03.199Z] be asleep	英文例句未使用目标词条
[2026-08-16T02:47:03.200Z] be assigned to do	英文例句未使用目标词条
[2026-08-16T02:47:03.200Z] be at fault	英文例句未使用目标词条
[2026-08-16T02:47:03.201Z] be at issue	英文例句未使用目标词条
[2026-08-16T02:47:03.202Z] be at liberty	英文例句未使用目标词条
[2026-08-16T02:47:03.202Z] be at odds	英文例句未使用目标词条
[2026-08-16T02:47:16.393Z] be at odds with	英文例句未使用目标词条
[2026-08-16T02:47:16.394Z] be at one's disposal	英文例句未使用目标词条
[2026-08-16T02:47:16.395Z] be at sea	英文例句未使用目标词条
[2026-08-16T02:47:16.395Z] be at stake	英文例句未使用目标词条
[2026-08-16T02:47:16.396Z] be at the mercy of	英文例句未使用目标词条
[2026-08-16T02:47:16.396Z] be attached to	英文例句未使用目标词条
[2026-08-16T02:47:16.397Z] be attracted to	英文例句未使用目标词条
[2026-08-16T02:47:16.397Z] be attributed to	英文例句未使用目标词条
[2026-08-16T02:47:16.398Z] be authorized to	英文例句未使用目标词条
[2026-08-16T02:47:16.398Z] be available to	英文例句未使用目标词条
[2026-08-16T02:49:23.885Z] be away from	英文例句未使用目标词条
[2026-08-16T02:49:23.886Z] be bad at	英文例句未使用目标词条
[2026-08-16T02:49:23.887Z] be bad for	英文例句未使用目标词条
[2026-08-16T02:49:23.887Z] be based on	英文例句未使用目标词条
[2026-08-16T02:49:23.888Z] be beneficial to	英文例句未使用目标词条
[2026-08-16T02:49:23.888Z] be bent on	英文例句未使用目标词条
[2026-08-16T02:49:23.889Z] be best with	英文例句未使用目标词条
[2026-08-16T02:49:23.889Z] be beyond all question	英文例句未使用目标词条
[2026-08-16T02:49:23.890Z] be beyond belief	英文例句未使用目标词条
[2026-08-16T02:49:35.798Z] be beyond compare	英文例句未使用目标词条
[2026-08-16T02:49:35.799Z] be beyond question	英文例句未使用目标词条
[2026-08-16T02:49:35.800Z] be blamed for	英文例句未使用目标词条
[2026-08-16T02:49:35.800Z] be blessed with	英文例句未使用目标词条
[2026-08-16T02:49:35.801Z] be blind to	英文例句未使用目标词条
[2026-08-16T02:49:35.801Z] be bored with	英文例句未使用目标词条
[2026-08-16T02:49:35.802Z] be born in	英文例句未使用目标词条
[2026-08-16T02:49:35.802Z] be born into	英文例句未使用目标词条
[2026-08-16T02:49:35.803Z] be born with	英文例句未使用目标词条
[2026-08-16T02:49:35.804Z] be bound for	英文例句未使用目标词条
[2026-08-16T02:51:52.203Z] be bound to	英文例句未使用目标词条
[2026-08-16T02:51:52.204Z] be bound up in	英文例句未使用目标词条
[2026-08-16T02:51:52.205Z] be broken beyond repair	英文例句未使用目标词条
[2026-08-16T02:51:52.206Z] be capable of	英文例句未使用目标词条
[2026-08-16T02:51:52.206Z] be caught in	英文例句未使用目标词条
[2026-08-16T02:51:52.207Z] be caught up in	英文例句未使用目标词条
[2026-08-16T02:51:52.207Z] be certain of	英文例句未使用目标词条
[2026-08-16T02:51:52.208Z] be characterized by	英文例句未使用目标词条
[2026-08-16T02:51:52.209Z] be close to	英文例句未使用目标词条
[2026-08-16T02:51:52.209Z] be closely linked to	英文例句未使用目标词条
[2026-08-16T02:52:04.346Z] be comparable to	英文例句未使用目标词条
[2026-08-16T02:52:04.346Z] be comparable with	英文例句未使用目标词条
[2026-08-16T02:52:04.347Z] be concerned about	英文例句未使用目标词条
[2026-08-16T02:52:04.348Z] be concerned with	英文例句未使用目标词条
[2026-08-16T02:52:04.348Z] be confined to	英文例句未使用目标词条
[2026-08-16T02:52:04.349Z] be confronted with	英文例句未使用目标词条
[2026-08-16T02:52:04.349Z] be confused about	英文例句未使用目标词条
[2026-08-16T02:52:04.350Z] be considered as	英文例句未使用目标词条
[2026-08-16T02:52:04.351Z] be content with	英文例句未使用目标词条
[2026-08-16T02:52:04.351Z] be contrary to	英文例句未使用目标词条
[2026-08-16T02:54:05.676Z] be covered with	英文例句未使用目标词条
[2026-08-16T02:54:05.676Z] be crazy about	英文例句未使用目标词条
[2026-08-16T02:54:05.677Z] be critical of	英文例句未使用目标词条
[2026-08-16T02:54:05.677Z] be crowded with	英文例句未使用目标词条
[2026-08-16T02:54:05.678Z] be curious about	英文例句未使用目标词条
[2026-08-16T02:54:05.678Z] be curious to	英文例句未使用目标词条
[2026-08-16T02:54:05.679Z] be cut out for	英文例句未使用目标词条
[2026-08-16T02:54:05.680Z] be decorated with	英文例句未使用目标词条
[2026-08-16T02:54:05.680Z] be deficient in	英文例句未使用目标词条
[2026-08-16T02:54:05.681Z] be delighted to	英文例句未使用目标词条
[2026-08-16T02:54:15.774Z] be dependent on	英文例句未使用目标词条
[2026-08-16T02:54:15.775Z] be dependent upon	英文例句未使用目标词条
[2026-08-16T02:54:15.776Z] be depleted of	英文例句未使用目标词条
[2026-08-16T02:54:15.776Z] be designed to	英文例句未使用目标词条
[2026-08-16T02:54:15.777Z] be devoted to	英文例句未使用目标词条
[2026-08-16T02:54:15.777Z] be dissatisfied with	英文例句未使用目标词条
[2026-08-16T02:54:15.778Z] be distracted by	英文例句未使用目标词条
[2026-08-16T02:54:15.778Z] be doomed to	英文例句未使用目标词条
[2026-08-16T02:54:15.779Z] be dotted with	英文例句未使用目标词条
[2026-08-16T02:56:24.791Z] be doubtful about	英文例句未使用目标词条
[2026-08-16T02:56:24.792Z] be drafted into	英文例句未使用目标词条
[2026-08-16T02:56:24.793Z] be dressed in	英文例句未使用目标词条
[2026-08-16T02:56:24.794Z] be dying for	英文例句未使用目标词条
[2026-08-16T02:56:24.795Z] be dying to	英文例句未使用目标词条
[2026-08-16T02:56:24.795Z] be eager to	英文例句未使用目标词条
[2026-08-16T02:56:24.796Z] be eligible for	英文例句未使用目标词条
[2026-08-16T02:56:24.796Z] be embossed with	英文例句未使用目标词条
[2026-08-16T02:56:24.797Z] be engaged in	英文例句未使用目标词条
[2026-08-16T02:56:24.797Z] be engaged to	英文例句未使用目标词条
[2026-08-16T02:56:36.663Z] be enthusiastic about	英文例句未使用目标词条
[2026-08-16T02:56:36.664Z] be entitled to do	英文例句未使用目标词条
[2026-08-16T02:56:36.664Z] be envious of	英文例句未使用目标词条
[2026-08-16T02:56:36.665Z] be equipped with	英文例句未使用目标词条
[2026-08-16T02:56:36.665Z] be equivalent to	英文例句未使用目标词条
[2026-08-16T02:56:36.666Z] be essential for	英文例句未使用目标词条
[2026-08-16T02:56:36.666Z] be essential to	英文例句未使用目标词条
[2026-08-16T02:56:36.667Z] be exclusive of	英文例句未使用目标词条
[2026-08-16T02:56:36.668Z] be expected to	英文例句未使用目标词条
[2026-08-16T02:56:36.668Z] be expelled from	英文例句未使用目标词条
[2026-08-16T02:58:46.594Z] be experienced in	英文例句未使用目标词条
[2026-08-16T02:58:46.595Z] be familiar to	英文例句未使用目标词条
[2026-08-16T02:58:46.596Z] be familiar with	英文例句未使用目标词条
[2026-08-16T02:58:46.596Z] be famous as	英文例句未使用目标词条
[2026-08-16T02:58:46.597Z] be famous for	英文例句未使用目标词条
[2026-08-16T02:58:46.597Z] be far from	英文例句未使用目标词条
[2026-08-16T02:58:46.598Z] be fascinated by	英文例句未使用目标词条
[2026-08-16T02:58:46.598Z] be fed up with	英文例句未使用目标词条
[2026-08-16T02:58:46.599Z] be filled with	英文例句未使用目标词条
[2026-08-16T02:58:59.290Z] be filled with remorse	英文例句未使用目标词条
[2026-08-16T02:58:59.291Z] be fit for	英文例句未使用目标词条
[2026-08-16T02:58:59.292Z] be fit to	英文例句未使用目标词条
[2026-08-16T02:58:59.292Z] be flexible in	英文例句未使用目标词条
[2026-08-16T02:58:59.293Z] be flooded with	英文例句未使用目标词条
[2026-08-16T02:58:59.293Z] be fond of	英文例句未使用目标词条
[2026-08-16T02:58:59.294Z] be free from	英文例句未使用目标词条
[2026-08-16T02:58:59.295Z] be free of	英文例句未使用目标词条
[2026-08-16T02:58:59.295Z] be free with	英文例句未使用目标词条
[2026-08-16T02:58:59.296Z] be friendly to	英文例句未使用目标词条
[2026-08-16T03:01:04.509Z] be full of remorse	英文例句未使用目标词条
[2026-08-16T03:01:04.510Z] be furnished with	英文例句未使用目标词条
[2026-08-16T03:01:04.512Z] be fussy about	英文例句未使用目标词条
[2026-08-16T03:01:04.512Z] be given over to	英文例句未使用目标词条
[2026-08-16T03:01:04.513Z] be going to do	英文例句未使用目标词条
[2026-08-16T03:01:04.514Z] be good at	英文例句未使用目标词条
[2026-08-16T03:01:17.132Z] be good with	英文例句未使用目标词条
[2026-08-16T03:01:17.133Z] be happy with	英文例句未使用目标词条
[2026-08-16T03:01:17.134Z] be hard on	英文例句未使用目标词条
[2026-08-16T03:01:17.134Z] be head and shoulders above	英文例句未使用目标词条
[2026-08-16T03:01:17.135Z] be home to	英文例句未使用目标词条
[2026-08-16T03:01:17.135Z] be honored for	英文例句未使用目标词条
[2026-08-16T03:01:17.136Z] be ideal for	英文例句未使用目标词条
[2026-08-16T03:01:17.136Z] be identical to	英文例句未使用目标词条
[2026-08-16T03:01:17.137Z] be identical with	英文例句未使用目标词条
[2026-08-16T03:01:17.137Z] be ill in bed	英文例句未使用目标词条
[2026-08-16T03:03:35.039Z] be impatient with	英文例句未使用目标词条
[2026-08-16T03:03:35.040Z] be implicit in	英文例句未使用目标词条
[2026-08-16T03:03:35.041Z] be impressed by	英文例句未使用目标词条
[2026-08-16T03:03:35.042Z] be impressed with	英文例句未使用目标词条
[2026-08-16T03:03:35.043Z] be in	英文例句未使用目标词条
[2026-08-16T03:03:35.043Z] be in agreement	英文例句未使用目标词条
[2026-08-16T03:03:35.044Z] be in blossom	英文例句未使用目标词条
[2026-08-16T03:03:35.045Z] be in charge	英文例句未使用目标词条
[2026-08-16T03:03:35.046Z] be in charge of	英文例句未使用目标词条
[2026-08-16T03:03:35.047Z] be in cooperation with	英文例句未使用目标词条
[2026-08-16T03:03:47.903Z] be in danger	英文例句未使用目标词条
[2026-08-16T03:03:47.904Z] be in danger of	英文例句未使用目标词条
[2026-08-16T03:03:47.904Z] be in demand	英文例句未使用目标词条
[2026-08-16T03:03:47.905Z] be in dispute	英文例句未使用目标词条
[2026-08-16T03:03:47.905Z] be in doubt	英文例句未使用目标词条
[2026-08-16T03:03:47.906Z] be in embryo	英文例句未使用目标词条
[2026-08-16T03:03:47.906Z] be in full swing	英文例句未使用目标词条
[2026-08-16T03:03:47.907Z] be in good form	英文例句未使用目标词条
[2026-08-16T03:03:47.908Z] be in good health	英文例句未使用目标词条
[2026-08-16T03:03:47.908Z] be in good shape	英文例句未使用目标词条
[2026-08-16T03:06:06.101Z] be in hospital	英文例句未使用目标词条
[2026-08-16T03:06:06.102Z] be in one ear and out the other	英文例句未使用目标词条
[2026-08-16T03:06:06.102Z] be in one's shoes	英文例句未使用目标词条
[2026-08-16T03:06:06.103Z] be in one's way	英文例句未使用目标词条
[2026-08-16T03:06:06.103Z] be in opposition	英文例句未使用目标词条
[2026-08-16T03:06:06.104Z] be in opposition to	英文例句未使用目标词条
[2026-08-16T03:06:06.104Z] be in place	英文例句未使用目标词条
[2026-08-16T03:06:06.105Z] be in shape	英文例句未使用目标词条
[2026-08-16T03:06:06.106Z] be in sight	英文例句未使用目标词条
[2026-08-16T03:06:06.106Z] be in the air	英文例句未使用目标词条
[2026-08-16T03:06:18.643Z] be in the balance	英文例句未使用目标词条
[2026-08-16T03:06:18.644Z] be in the dark	英文例句未使用目标词条
[2026-08-16T03:06:18.644Z] be in the mood	英文例句未使用目标词条
[2026-08-16T03:06:18.645Z] be in the saddle	英文例句未使用目标词条
[2026-08-16T03:06:18.646Z] be in the way	英文例句未使用目标词条
[2026-08-16T03:06:18.646Z] be in the wrong	英文例句未使用目标词条
[2026-08-16T03:06:18.647Z] be in use	英文例句未使用目标词条
[2026-08-16T03:06:18.647Z] be incapacitated with	英文例句未使用目标词条
[2026-08-16T03:06:18.648Z] be inclined to	英文例句未使用目标词条
[2026-08-16T03:06:18.648Z] be incompatible with	英文例句未使用目标词条
[2026-08-16T03:08:31.141Z] be indicative of	英文例句未使用目标词条
[2026-08-16T03:08:31.142Z] be indispensable for	英文例句未使用目标词条
[2026-08-16T03:08:31.143Z] be indispensable to	英文例句未使用目标词条
[2026-08-16T03:08:31.144Z] be inferior to	英文例句未使用目标词条
[2026-08-16T03:08:31.144Z] be innocent of	英文例句未使用目标词条
[2026-08-16T03:08:31.145Z] be innovative with	英文例句未使用目标词条
[2026-08-16T03:08:31.145Z] be instrumental in	英文例句未使用目标词条
[2026-08-16T03:08:31.146Z] be intent on	英文例句未使用目标词条
[2026-08-16T03:08:31.146Z] be interested in	英文例句未使用目标词条
[2026-08-16T03:08:31.147Z] be involved in	英文例句未使用目标词条
[2026-08-16T03:08:43.303Z] be irrespective of	英文例句未使用目标词条
[2026-08-16T03:08:43.304Z] be isolated from	英文例句未使用目标词条
[2026-08-16T03:08:43.304Z] be keen about	英文例句未使用目标词条
[2026-08-16T03:08:43.305Z] be keen on	英文例句未使用目标词条
[2026-08-16T03:08:43.305Z] be kidding	英文例句未使用目标词条
[2026-08-16T03:08:43.306Z] be kind to	英文例句未使用目标词条
[2026-08-16T03:08:43.306Z] be known as	英文例句未使用目标词条
[2026-08-16T03:08:43.307Z] be known for	英文例句未使用目标词条
[2026-08-16T03:08:43.307Z] be late for	英文例句未使用目标词条
[2026-08-16T03:08:43.308Z] be liable for	英文例句未使用目标词条
[2026-08-16T03:10:57.876Z] be liable to	英文例句未使用目标词条
[2026-08-16T03:10:57.876Z] be likely to	英文例句未使用目标词条
[2026-08-16T03:10:57.877Z] be likely to do	英文例句未使用目标词条
[2026-08-16T03:10:57.878Z] be limited to	英文例句未使用目标词条
[2026-08-16T03:10:57.878Z] be linked to	英文例句未使用目标词条
[2026-08-16T03:10:57.879Z] be located at	英文例句未使用目标词条
[2026-08-16T03:10:57.879Z] be located in	英文例句未使用目标词条
[2026-08-16T03:10:57.880Z] be located on	英文例句未使用目标词条
[2026-08-16T03:10:57.880Z] be lost in	英文例句未使用目标词条
[2026-08-16T03:10:57.881Z] be loyal to	英文例句未使用目标词条
[2026-08-16T03:11:10.018Z] be mad about	英文例句未使用目标词条
[2026-08-16T03:11:10.019Z] be mad at	英文例句未使用目标词条
[2026-08-16T03:11:10.020Z] be made from	英文例句未使用目标词条
[2026-08-16T03:11:10.020Z] be made in	英文例句未使用目标词条
[2026-08-16T03:11:10.021Z] be made into	英文例句未使用目标词条
[2026-08-16T03:11:10.021Z] be made out of	英文例句未使用目标词条
[2026-08-16T03:11:10.022Z] be made up of	英文例句未使用目标词条
[2026-08-16T03:11:10.022Z] be married to	英文例句未使用目标词条
[2026-08-16T03:11:10.023Z] be meant to	英文例句未使用目标词条
[2026-08-16T03:11:10.023Z] be motivated to do	英文例句未使用目标词条
[2026-08-16T03:13:24.972Z] be moved by	英文例句未使用目标词条
[2026-08-16T03:13:24.973Z] be nervous about	英文例句未使用目标词条
[2026-08-16T03:13:24.974Z] be nervous of	英文例句未使用目标词条
[2026-08-16T03:13:24.975Z] be not in the mood	英文例句未使用目标词条
[2026-08-16T03:13:24.975Z] be notorious for	英文例句未使用目标词条
[2026-08-16T03:13:24.976Z] be obsessed with	英文例句未使用目标词条
[2026-08-16T03:13:24.976Z] be occupied with	英文例句未使用目标词条
[2026-08-16T03:13:24.977Z] be off	英文例句未使用目标词条
[2026-08-16T03:13:24.977Z] be off guard	英文例句未使用目标词条
[2026-08-16T03:13:24.978Z] be off one's guard	英文例句未使用目标词条
[2026-08-16T03:13:37.778Z] be off the track	英文例句未使用目标词条
[2026-08-16T03:13:37.779Z] be on	英文例句未使用目标词条
[2026-08-16T03:13:37.780Z] be on a diet	英文例句未使用目标词条
[2026-08-16T03:13:37.780Z] be on medication	英文例句未使用目标词条
[2026-08-16T03:13:37.781Z] be on one's guard	英文例句未使用目标词条
[2026-08-16T03:13:37.781Z] be on sale	英文例句未使用目标词条
[2026-08-16T03:13:37.782Z] be on speaking terms	英文例句未使用目标词条
[2026-08-16T03:13:37.782Z] be on the increase	英文例句未使用目标词条
[2026-08-16T03:13:37.783Z] be on the job	英文例句未使用目标词条
[2026-08-16T03:13:37.784Z] be on the point of	英文例句未使用目标词条
[2026-08-16T03:15:53.108Z] be open to	英文例句未使用目标词条
[2026-08-16T03:15:53.108Z] be opposed to	英文例句未使用目标词条
[2026-08-16T03:15:53.109Z] be optimistic about	英文例句未使用目标词条
[2026-08-16T03:15:53.110Z] be out of action	英文例句未使用目标词条
[2026-08-16T03:15:53.110Z] be out of breath	英文例句未使用目标词条
[2026-08-16T03:15:53.111Z] be out of condition	英文例句未使用目标词条
[2026-08-16T03:15:53.111Z] be out of control	英文例句未使用目标词条
[2026-08-16T03:15:53.112Z] be out of date	英文例句未使用目标词条
[2026-08-16T03:15:53.112Z] be out of focus	英文例句未使用目标词条
[2026-08-16T03:15:53.113Z] be out of print	英文例句未使用目标词条
[2026-08-16T03:16:04.772Z] be out of sight	英文例句未使用目标词条
[2026-08-16T03:16:04.773Z] be out of stock	英文例句未使用目标词条
[2026-08-16T03:16:04.774Z] be out of temper	英文例句未使用目标词条
[2026-08-16T03:16:04.774Z] be out of touch	英文例句未使用目标词条
[2026-08-16T03:16:04.775Z] be out of work	英文例句未使用目标词条
[2026-08-16T03:16:04.775Z] be packed with	英文例句未使用目标词条
[2026-08-16T03:16:04.776Z] be parallel to	英文例句未使用目标词条
[2026-08-16T03:16:04.777Z] be partial to	英文例句未使用目标词条
[2026-08-16T03:16:04.777Z] be particular about	英文例句未使用目标词条
[2026-08-16T03:16:04.778Z] be patient with	英文例句未使用目标词条
[2026-08-16T03:18:12.110Z] be pleased at	英文例句未使用目标词条
[2026-08-16T03:18:12.111Z] be pleased with	英文例句未使用目标词条
[2026-08-16T03:18:12.112Z] be poor in	英文例句未使用目标词条
[2026-08-16T03:18:12.113Z] be popular among	英文例句未使用目标词条
[2026-08-16T03:18:12.113Z] be popular with	英文例句未使用目标词条
[2026-08-16T03:18:12.114Z] be prepared for	英文例句未使用目标词条
[2026-08-16T03:18:12.115Z] be prepared to do	英文例句未使用目标词条
[2026-08-16T03:18:12.115Z] be prone to	英文例句未使用目标词条
[2026-08-16T03:18:12.116Z] be proud about	英文例句未使用目标词条
[2026-08-16T03:18:24.446Z] be proud to	英文例句未使用目标词条
[2026-08-16T03:18:24.446Z] be pumped out	英文例句未使用目标词条
[2026-08-16T03:18:24.447Z] be puzzled by	英文例句未使用目标词条
[2026-08-16T03:18:24.447Z] be ready for	英文例句未使用目标词条
[2026-08-16T03:18:24.448Z] be related to	英文例句未使用目标词条
[2026-08-16T03:18:24.449Z] be relative to	英文例句未使用目标词条
[2026-08-16T03:18:24.449Z] be relevant to	英文例句未使用目标词条
[2026-08-16T03:18:24.450Z] be relieved to	英文例句未使用目标词条
[2026-08-16T03:18:24.450Z] be reluctant to	英文例句未使用目标词条
[2026-08-16T03:18:24.451Z] be remarkable for	英文例句未使用目标词条
[2026-08-16T03:20:34.476Z] be responsible for	英文例句未使用目标词条
[2026-08-16T03:20:34.477Z] be responsible to	英文例句未使用目标词条
[2026-08-16T03:20:34.478Z] be restricted to	英文例句未使用目标词条
[2026-08-16T03:20:34.478Z] be reviewed as	英文例句未使用目标词条
[2026-08-16T03:20:34.479Z] be rich in	英文例句未使用目标词条
[2026-08-16T03:20:34.479Z] be sad for	英文例句未使用目标词条
[2026-08-16T03:20:34.480Z] be satisfied with	英文例句未使用目标词条
[2026-08-16T03:20:34.481Z] be scanned into digital files	英文例句未使用目标词条
[2026-08-16T03:20:34.482Z] be scared of	英文例句未使用目标词条
[2026-08-16T03:20:47.957Z] be scared to death	英文例句未使用目标词条
[2026-08-16T03:20:47.958Z] be scheduled for	英文例句未使用目标词条
[2026-08-16T03:20:47.959Z] be secure from	英文例句未使用目标词条
[2026-08-16T03:20:47.959Z] be sensitive to	英文例句未使用目标词条
[2026-08-16T03:20:47.960Z] be sentenced to death	英文例句未使用目标词条
[2026-08-16T03:20:47.960Z] be serious about	英文例句未使用目标词条
[2026-08-16T03:20:47.961Z] be shocked to do	英文例句未使用目标词条
[2026-08-16T03:20:47.961Z] be short for	英文例句未使用目标词条
[2026-08-16T03:20:47.962Z] be short of	英文例句未使用目标词条
[2026-08-16T03:20:47.963Z] be shouted at	英文例句未使用目标词条
[2026-08-16T03:23:00.058Z] be sick of	英文例句未使用目标词条
[2026-08-16T03:23:00.058Z] be sick with	英文例句未使用目标词条
[2026-08-16T03:23:00.060Z] be similar	英文例句未使用目标词条
[2026-08-16T03:23:00.060Z] be similar to	英文例句未使用目标词条
[2026-08-16T03:23:00.061Z] be skeptical about	英文例句未使用目标词条
[2026-08-16T03:23:00.062Z] be sorry for	英文例句未使用目标词条
[2026-08-16T03:23:00.062Z] be strange to	英文例句未使用目标词条
[2026-08-16T03:23:00.063Z] be stressed out	英文例句未使用目标词条
[2026-08-16T03:23:00.063Z] be strict in	英文例句未使用目标词条
[2026-08-16T03:23:00.064Z] be strict with	英文例句未使用目标词条
[2026-08-16T03:23:12.092Z] be stuck	英文例句未使用目标词条
[2026-08-16T03:23:12.093Z] be stuck in	英文例句未使用目标词条
[2026-08-16T03:23:12.094Z] be stuck on	英文例句未使用目标词条
[2026-08-16T03:23:12.094Z] be stuck with	英文例句未使用目标词条
[2026-08-16T03:23:12.095Z] be suitable for	英文例句未使用目标词条
[2026-08-16T03:23:12.095Z] be suited to	英文例句未使用目标词条
[2026-08-16T03:23:12.096Z] be superior to	英文例句未使用目标词条
[2026-08-16T03:23:12.096Z] be supposed to	英文例句未使用目标词条
[2026-08-16T03:23:12.097Z] be supposed to do	英文例句未使用目标词条
[2026-08-16T03:23:12.098Z] be sure about	英文例句未使用目标词条
[2026-08-16T03:25:24.813Z] be sure of	英文例句未使用目标词条
[2026-08-16T03:25:24.814Z] be sure to	英文例句未使用目标词条
[2026-08-16T03:25:24.814Z] be surprised at	英文例句未使用目标词条
[2026-08-16T03:25:24.815Z] be surprised to	英文例句未使用目标词条
[2026-08-16T03:25:24.815Z] be susceptible to	英文例句未使用目标词条
[2026-08-16T03:25:24.816Z] be suspicious of	英文例句未使用目标词条
[2026-08-16T03:25:24.816Z] be swamped with	英文例句未使用目标词条
[2026-08-16T03:25:24.817Z] be sympathetic to	英文例句未使用目标词条
[2026-08-16T03:25:24.818Z] be taken aback	英文例句未使用目标词条
[2026-08-16T03:25:24.818Z] be taken to court	英文例句未使用目标词条
[2026-08-16T03:25:36.782Z] be talented in	英文例句未使用目标词条
[2026-08-16T03:25:36.784Z] be teeming with	英文例句未使用目标词条
[2026-08-16T03:25:36.784Z] be terrified of	英文例句未使用目标词条
[2026-08-16T03:25:36.785Z] be through	英文例句未使用目标词条
[2026-08-16T03:25:36.786Z] be through with	英文例句未使用目标词条
[2026-08-16T03:25:36.786Z] be tired from	英文例句未使用目标词条
[2026-08-16T03:25:36.787Z] be tired of	英文例句未使用目标词条
[2026-08-16T03:25:36.787Z] be tired out	英文例句未使用目标词条
[2026-08-16T03:25:36.788Z] be to blame	英文例句未使用目标词条
[2026-08-16T03:25:36.788Z] be told to do	英文例句未使用目标词条
[2026-08-16T03:27:48.834Z] be true of	英文例句未使用目标词条
[2026-08-16T03:27:48.835Z] be unaware of	英文例句未使用目标词条
[2026-08-16T03:27:48.835Z] be under control	英文例句未使用目标词条
[2026-08-16T03:27:48.837Z] be under way	英文例句未使用目标词条
[2026-08-16T03:27:48.837Z] be unfamiliar to	英文例句未使用目标词条
[2026-08-16T03:27:48.838Z] be unfamiliar with	英文例句未使用目标词条
[2026-08-16T03:27:48.838Z] be unique to	英文例句未使用目标词条
[2026-08-16T03:27:48.839Z] be unwilling to do	英文例句未使用目标词条
[2026-08-16T03:27:48.839Z] be up to	英文例句未使用目标词条
[2026-08-16T03:27:48.840Z] be up to date	英文例句未使用目标词条
[2026-08-16T03:27:59.800Z] be up to the minute	英文例句未使用目标词条
[2026-08-16T03:27:59.801Z] be used for	英文例句未使用目标词条
[2026-08-16T03:27:59.801Z] be used to	英文例句未使用目标词条
[2026-08-16T03:27:59.802Z] be used to do	英文例句未使用目标词条
[2026-08-16T03:27:59.802Z] be used to doing	英文例句未使用目标词条
[2026-08-16T03:27:59.803Z] be vital to	英文例句未使用目标词条
[2026-08-16T03:27:59.803Z] be weary of	英文例句未使用目标词条
[2026-08-16T03:27:59.804Z] be well off	英文例句未使用目标词条
[2026-08-16T03:27:59.804Z] be willing to	英文例句未使用目标词条
[2026-08-16T03:30:02.944Z] be without compare	英文例句未使用目标词条
[2026-08-16T03:30:02.945Z] be worn out	英文例句未使用目标词条
[2026-08-16T03:30:02.945Z] be worried about	英文例句未使用目标词条
[2026-08-16T03:30:02.946Z] be worth doing	英文例句未使用目标词条
[2026-08-16T03:30:02.946Z] be worthy of	英文例句未使用目标词条
[2026-08-16T03:30:02.947Z] be worthy to	英文例句未使用目标词条
[2026-08-16T03:30:02.948Z] belong to	英文例句未使用目标词条
[2026-08-16T03:30:09.079Z] benefit by	英文例句未使用目标词条
[2026-08-16T03:30:09.080Z] beyond one's control	英文例句未使用目标词条
[2026-08-16T03:30:09.081Z] blow away	英文例句未使用目标词条
[2026-08-16T03:30:09.082Z] blow up	英文例句未使用目标词条
[2026-08-16T03:32:15.770Z] boast about	英文例句未使用目标词条
[2026-08-16T03:32:15.771Z] boast of	英文例句未使用目标词条
[2026-08-16T03:32:15.771Z] break in	英文例句未使用目标词条
[2026-08-16T03:32:15.772Z] break into	英文例句未使用目标词条
[2026-08-16T03:32:15.772Z] break into pieces	英文例句未使用目标词条
[2026-08-16T03:32:15.773Z] break off	英文例句未使用目标词条
[2026-08-16T03:32:15.773Z] break one's heart	英文例句未使用目标词条
[2026-08-16T03:32:15.774Z] break one's promise	英文例句未使用目标词条
[2026-08-16T03:32:25.456Z] break out	英文例句未使用目标词条
[2026-08-16T03:32:25.457Z] break out into	英文例句未使用目标词条
[2026-08-16T03:32:25.457Z] break records	英文例句未使用目标词条
[2026-08-16T03:32:25.458Z] break the record	英文例句未使用目标词条
[2026-08-16T03:32:25.458Z] break through	英文例句未使用目标词条
[2026-08-16T03:32:25.459Z] break up	英文例句未使用目标词条
[2026-08-16T03:32:25.459Z] bring along	英文例句未使用目标词条
[2026-08-16T03:32:25.460Z] bring an end to	英文例句未使用目标词条
[2026-08-16T03:34:40.723Z] bring down	英文例句未使用目标词条
[2026-08-16T03:34:40.723Z] bring home the bacon	英文例句未使用目标词条
[2026-08-16T03:34:40.724Z] bring in	英文例句未使用目标词条
[2026-08-16T03:34:40.724Z] bring off	英文例句未使用目标词条
[2026-08-16T03:34:40.725Z] bring out	英文例句未使用目标词条
[2026-08-16T03:34:40.726Z] bring through	英文例句未使用目标词条
[2026-08-16T03:34:53.773Z] bring to justice	英文例句未使用目标词条
[2026-08-16T03:34:53.774Z] bring up	英文例句未使用目标词条
[2026-08-16T03:34:53.774Z] brood on	英文例句未使用目标词条
[2026-08-16T03:34:53.775Z] brush aside	英文例句未使用目标词条
[2026-08-16T03:34:53.775Z] brush off	英文例句未使用目标词条
[2026-08-16T03:34:53.776Z] brush up lessons	英文例句未使用目标词条
[2026-08-16T03:34:53.776Z] buck against	英文例句未使用目标词条
[2026-08-16T03:34:53.777Z] buck for	英文例句未使用目标词条
[2026-08-16T03:34:53.778Z] build on	英文例句未使用目标词条
[2026-08-16T03:34:53.778Z] build up one's confidence	英文例句未使用目标词条
[2026-08-16T03:37:02.690Z] bump against	英文例句未使用目标词条
[2026-08-16T03:37:02.691Z] bump into	英文例句未使用目标词条
[2026-08-16T03:37:02.692Z] burn one's bridges	英文例句未使用目标词条
[2026-08-16T03:37:02.693Z] burn out	英文例句未使用目标词条
[2026-08-16T03:37:02.693Z] burn to death	英文例句未使用目标词条
[2026-08-16T03:37:02.694Z] burn up	英文例句未使用目标词条
[2026-08-16T03:37:02.694Z] buzz about	英文例句未使用目标词条
[2026-08-16T03:37:02.695Z] buzz around	英文例句未使用目标词条
[2026-08-16T03:37:02.695Z] by turns	英文例句未使用目标词条
[2026-08-16T03:37:02.696Z] call about	英文例句未使用目标词条
[2026-08-16T03:37:11.657Z] call in	英文例句未使用目标词条
[2026-08-16T03:37:11.657Z] call on	英文例句未使用目标词条
[2026-08-16T03:37:11.658Z] call out	英文例句未使用目标词条
[2026-08-16T03:37:11.659Z] call up	英文例句未使用目标词条
[2026-08-16T03:37:11.659Z] can't help doing	英文例句未使用目标词条
[2026-08-16T03:37:11.660Z] cannot help doing	英文例句未使用目标词条
[2026-08-16T03:37:11.660Z] carry away	英文例句未使用目标词条
[2026-08-16T03:37:11.661Z] carry off	英文例句未使用目标词条
[2026-08-16T03:39:11.133Z] carve out	英文例句未使用目标词条
[2026-08-16T03:39:11.134Z] catch	英文例句未使用目标词条
[2026-08-16T03:39:11.134Z] catch a cold	英文例句未使用目标词条
[2026-08-16T03:39:11.135Z] catch a glimpse of	英文例句未使用目标词条
[2026-08-16T03:39:11.135Z] catch cold	英文例句未使用目标词条
[2026-08-16T03:39:11.136Z] catch fire	英文例句未使用目标词条
[2026-08-16T03:39:11.136Z] catch hold of	英文例句未使用目标词条
[2026-08-16T03:39:11.137Z] catch on	英文例句未使用目标词条
[2026-08-16T03:39:20.195Z] catch one's breath	英文例句未使用目标词条
[2026-08-16T03:39:20.196Z] catch one's eye	英文例句未使用目标词条
[2026-08-16T03:39:20.197Z] catch sight of	英文例句未使用目标词条
[2026-08-16T03:39:20.197Z] change one's mind	英文例句未使用目标词条
[2026-08-16T03:39:20.198Z] chase up	英文例句未使用目标词条
[2026-08-16T03:39:20.198Z] check out	英文例句未使用目标词条
[2026-08-16T03:41:08.915Z] chronical	英文例句未使用目标词条
[2026-08-16T03:41:08.915Z] clear away	英文例句未使用目标词条
[2026-08-16T03:41:08.916Z] clear the way for	英文例句未使用目标词条
[2026-08-16T03:41:08.917Z] clear up	英文例句未使用目标词条
[2026-08-16T03:41:17.855Z] come about	英文例句未使用目标词条
[2026-08-16T03:41:17.856Z] come across	英文例句未使用目标词条
[2026-08-16T03:41:17.856Z] come after	英文例句未使用目标词条
[2026-08-16T03:41:17.857Z] come apart	英文例句未使用目标词条
[2026-08-16T03:41:17.857Z] come around	英文例句未使用目标词条
[2026-08-16T03:41:17.858Z] come at	英文例句未使用目标词条
[2026-08-16T03:41:17.858Z] come away from	英文例句未使用目标词条
[2026-08-16T03:43:28.954Z] come back	英文例句未使用目标词条
[2026-08-16T03:43:28.955Z] come between	英文例句未使用目标词条
[2026-08-16T03:43:28.956Z] come by	英文例句未使用目标词条
[2026-08-16T03:43:28.956Z] come down	英文例句未使用目标词条
[2026-08-16T03:43:28.956Z] come down to	英文例句未使用目标词条
[2026-08-16T03:43:28.957Z] come down with	英文例句未使用目标词条
[2026-08-16T03:43:28.958Z] come from	英文例句未使用目标词条
[2026-08-16T03:43:28.958Z] come in	英文例句未使用目标词条
[2026-08-16T03:43:28.958Z] come in contact with	英文例句未使用目标词条
[2026-08-16T03:43:41.051Z] come in for	英文例句未使用目标词条
[2026-08-16T03:43:41.051Z] come into being	英文例句未使用目标词条
[2026-08-16T03:43:41.052Z] come into existence	英文例句未使用目标词条
[2026-08-16T03:43:41.052Z] come into view	英文例句未使用目标词条
[2026-08-16T03:43:41.053Z] come off	英文例句未使用目标词条
[2026-08-16T03:43:41.053Z] come on	英文例句未使用目标词条
[2026-08-16T03:43:41.054Z] come on to	英文例句未使用目标词条
[2026-08-16T03:43:41.055Z] come out on top	英文例句未使用目标词条
[2026-08-16T03:43:41.055Z] come out with	英文例句未使用目标词条
[2026-08-16T03:43:41.056Z] come over	英文例句未使用目标词条
[2026-08-16T03:45:42.271Z] come round	英文例句未使用目标词条
[2026-08-16T03:45:42.272Z] come through	英文例句未使用目标词条
[2026-08-16T03:45:42.272Z] come to	英文例句未使用目标词条
[2026-08-16T03:45:42.273Z] come to an end	英文例句未使用目标词条
[2026-08-16T03:45:42.274Z] come to blows	英文例句未使用目标词条
[2026-08-16T03:45:42.274Z] come to know	英文例句未使用目标词条
[2026-08-16T03:45:42.274Z] come to life	英文例句未使用目标词条
[2026-08-16T03:45:42.275Z] come to nothing	英文例句未使用目标词条
[2026-08-16T03:45:42.276Z] come to one's senses	英文例句未使用目标词条
[2026-08-16T03:45:51.625Z] come to oneself	英文例句未使用目标词条
[2026-08-16T03:45:51.625Z] come to terms	英文例句未使用目标词条
[2026-08-16T03:45:51.626Z] come to terms with	英文例句未使用目标词条
[2026-08-16T03:45:51.626Z] come to the fore	英文例句未使用目标词条
[2026-08-16T03:45:51.627Z] come up	英文例句未使用目标词条
[2026-08-16T03:45:51.627Z] come up against	英文例句未使用目标词条
[2026-08-16T03:45:51.628Z] come up with	英文例句未使用目标词条
[2026-08-16T03:45:51.628Z] commit to	英文例句未使用目标词条
[2026-08-16T03:47:56.021Z] compare with	英文例句未使用目标词条
[2026-08-16T03:47:56.022Z] complain about	英文例句未使用目标词条
[2026-08-16T03:47:56.022Z] complain of	英文例句未使用目标词条
[2026-08-16T03:47:56.023Z] complain to	英文例句未使用目标词条
[2026-08-16T03:47:56.023Z] concern with	英文例句未使用目标词条
[2026-08-16T03:47:56.024Z] confer on	英文例句未使用目标词条
[2026-08-16T03:47:56.025Z] confess to	英文例句未使用目标词条
[2026-08-16T03:47:56.025Z] confide in	英文例句未使用目标词条
[2026-08-16T03:47:56.026Z] confine oneself to doing	英文例句未使用目标词条
[2026-08-16T03:47:56.026Z] conflict with	英文例句未使用目标词条
[2026-08-16T03:48:05.836Z] congratulate on	英文例句未使用目标词条
[2026-08-16T03:48:05.837Z] congratulate upon	英文例句未使用目标词条
[2026-08-16T03:48:05.837Z] consider as	英文例句未使用目标词条
[2026-08-16T03:48:05.838Z] consist in	英文例句未使用目标词条
[2026-08-16T03:48:05.838Z] consist of	英文例句未使用目标词条
[2026-08-16T03:48:05.839Z] consume with	英文例句未使用目标词条
[2026-08-16T03:48:05.840Z] contribute to	英文例句未使用目标词条
[2026-08-16T03:48:05.840Z] convert to	英文例句未使用目标词条
[2026-08-16T03:50:17.698Z] cook up	英文例句未使用目标词条
[2026-08-16T03:50:17.699Z] couldn't help doing	英文例句未使用目标词条
[2026-08-16T03:50:17.700Z] count in	英文例句未使用目标词条
[2026-08-16T03:50:17.701Z] count out	英文例句未使用目标词条
[2026-08-16T03:50:17.701Z] count up	英文例句未使用目标词条
[2026-08-16T03:50:17.702Z] cover an area of	英文例句未使用目标词条
[2026-08-16T03:50:17.702Z] crack down	英文例句未使用目标词条
[2026-08-16T03:50:17.703Z] crack up	英文例句未使用目标词条
[2026-08-16T03:50:17.703Z] crash down	英文例句未使用目标词条
[2026-08-16T03:50:27.441Z] crash into	英文例句未使用目标词条
[2026-08-16T03:50:27.442Z] cross-examine	英文例句未使用目标词条
[2026-08-16T03:50:27.442Z] cry out	英文例句未使用目标词条
[2026-08-16T03:50:27.443Z] cry out for	英文例句未使用目标词条
[2026-08-16T03:50:27.443Z] curd	英文例句未使用目标词条
[2026-08-16T03:50:27.444Z] dance to	英文例句未使用目标词条
[2026-08-16T03:50:27.444Z] dare to	英文例句未使用目标词条
[2026-08-16T03:50:27.445Z] dash off	英文例句未使用目标词条
[2026-08-16T03:52:33.579Z] date from	英文例句未使用目标词条
[2026-08-16T03:52:33.580Z] debate with	英文例句未使用目标词条
[2026-08-16T03:52:33.580Z] decide on	英文例句未使用目标词条
[2026-08-16T03:52:33.581Z] decide upon	英文例句未使用目标词条
[2026-08-16T03:52:33.582Z] declare for	英文例句未使用目标词条
[2026-08-16T03:52:33.582Z] declare war against	英文例句未使用目标词条
[2026-08-16T03:52:33.583Z] declare war on	英文例句未使用目标词条
[2026-08-16T03:52:33.583Z] dedicate one's energy to	英文例句未使用目标词条
[2026-08-16T03:52:33.584Z] dedicate to	英文例句未使用目标词条
[2026-08-16T03:52:43.369Z] deliver a lecture	英文例句未使用目标词条
[2026-08-16T03:52:43.370Z] deliver a speech	英文例句未使用目标词条
[2026-08-16T03:52:43.370Z] deliver a verdict	英文例句未使用目标词条
[2026-08-16T03:52:43.371Z] deliver an address	英文例句未使用目标词条
[2026-08-16T03:52:43.371Z] deposit a layer of sediment	英文例句未使用目标词条
[2026-08-16T03:52:43.372Z] deprive of	英文例句未使用目标词条
[2026-08-16T03:52:43.372Z] derive from	英文例句未使用目标词条
[2026-08-16T03:54:51.868Z] descend on	英文例句未使用目标词条
[2026-08-16T03:54:51.868Z] descend to	英文例句未使用目标词条
[2026-08-16T03:54:51.869Z] descend upon	英文例句未使用目标词条
[2026-08-16T03:54:51.869Z] devote oneself to	英文例句未使用目标词条
[2026-08-16T03:54:51.870Z] devote to	英文例句未使用目标词条
[2026-08-16T03:54:51.870Z] die away	英文例句未使用目标词条
[2026-08-16T03:54:51.871Z] die down	英文例句未使用目标词条
[2026-08-16T03:54:51.871Z] die for	英文例句未使用目标词条
[2026-08-16T03:54:51.872Z] die from	英文例句未使用目标词条
[2026-08-16T03:55:00.514Z] die of	英文例句未使用目标词条
[2026-08-16T03:55:00.515Z] die out	英文例句未使用目标词条
[2026-08-16T03:55:00.515Z] dispute against	英文例句未使用目标词条
[2026-08-16T03:55:00.516Z] dispute with	英文例句未使用目标词条
[2026-08-16T03:55:00.517Z] distinguish oneself	英文例句未使用目标词条
[2026-08-16T03:55:00.517Z] distort the original meaning	英文例句未使用目标词条
[2026-08-16T03:55:00.518Z] distract from	英文例句未使用目标词条
[2026-08-16T03:56:28.120Z] divide into	英文例句未使用目标词条
[2026-08-16T03:58:10.716Z] do a bunk	英文例句未使用目标词条
[2026-08-16T03:58:10.717Z] do a good deed	英文例句未使用目标词条
[2026-08-16T03:58:10.718Z] do background reading	英文例句未使用目标词条
[2026-08-16T03:58:10.718Z] do chores	英文例句未使用目标词条
[2026-08-16T03:58:10.719Z] do good deeds	英文例句未使用目标词条
[2026-08-16T03:58:38.006Z] do housework	英文例句未使用目标词条
[2026-08-16T03:58:38.006Z] do justice to	英文例句未使用目标词条
[2026-08-16T03:58:38.007Z] do one's best	英文例句未使用目标词条
[2026-08-16T03:58:38.007Z] do one's homework	英文例句未使用目标词条
[2026-08-16T03:58:38.008Z] do one's utmost	英文例句未使用目标词条
[2026-08-16T03:58:38.008Z] do research on	英文例句未使用目标词条
[2026-08-16T03:59:47.279Z] do well in	英文例句未使用目标词条
[2026-08-16T04:05:24.854Z] doze off	英文例句未使用目标词条
[2026-08-16T04:05:46.046Z] drag on	英文例句未使用目标词条
[2026-08-16T04:05:46.047Z] drag one's feet on	英文例句未使用目标词条
[2026-08-16T04:05:46.047Z] drag out	英文例句未使用目标词条
[2026-08-16T04:07:40.170Z] draw away	英文例句未使用目标词条
[2026-08-16T04:07:40.172Z] draw in	英文例句未使用目标词条
[2026-08-16T04:07:40.172Z] draw on	英文例句未使用目标词条
[2026-08-16T04:07:40.173Z] draw out	英文例句未使用目标词条
[2026-08-16T04:07:40.173Z] draw the line	英文例句未使用目标词条
[2026-08-16T04:08:21.302Z] draw upon	英文例句未使用目标词条
[2026-08-16T04:08:21.303Z] dream of	英文例句未使用目标词条
[2026-08-16T04:09:15.517Z] dream up	英文例句未使用目标词条
[2026-08-16T04:09:15.518Z] dress up	英文例句未使用目标词条
[2026-08-16T04:09:58.060Z] drink	英文例句未使用目标词条
[2026-08-16T04:09:58.061Z] drink in	英文例句未使用目标词条
[2026-08-16T04:11:01.443Z] drive apart	英文例句未使用目标词条
[2026-08-16T04:11:01.444Z] drive away	英文例句未使用目标词条
[2026-08-16T04:11:01.445Z] drive home	英文例句未使用目标词条
[2026-08-16T04:11:01.445Z] drive out	英文例句未使用目标词条
[2026-08-16T04:11:53.546Z] drop away	英文例句未使用目标词条
[2026-08-16T04:11:53.546Z] drop back	英文例句未使用目标词条
[2026-08-16T04:11:53.547Z] drop behind	英文例句未使用目标词条
[2026-08-16T04:11:53.548Z] drop down	英文例句未使用目标词条
[2026-08-16T04:11:53.549Z] drop in	英文例句未使用目标词条
[2026-08-16T04:12:52.436Z] drop off	英文例句未使用目标词条
[2026-08-16T04:12:52.437Z] drop out	英文例句未使用目标词条
[2026-08-16T04:13:35.573Z] drown out	英文例句未使用目标词条
[2026-08-16T04:13:35.574Z] drum up	英文例句未使用目标词条
[2026-08-16T04:14:26.845Z] dry up	英文例句未使用目标词条
[2026-08-16T04:18:53.383Z] earn a living	英文例句未使用目标词条
[2026-08-16T04:18:53.383Z] earn a reputation as	英文例句未使用目标词条
[2026-08-16T04:18:53.384Z] earn one's living	英文例句未使用目标词条
[2026-08-16T04:19:30.964Z] ease	英文例句未使用目标词条
[2026-08-16T04:19:30.965Z] ease off	英文例句未使用目标词条
[2026-08-16T04:20:25.078Z] eat away	英文例句未使用目标词条
[2026-08-16T04:20:25.079Z] eat one's words	英文例句未使用目标词条
[2026-08-16T04:20:25.079Z] eat up	英文例句未使用目标词条
[2026-08-16T04:30:56.209Z] emerge from	英文例句未使用目标词条
[2026-08-16T04:32:16.816Z] emphasize on	英文例句未使用目标词条
[2026-08-16T04:32:46.099Z] empty into	英文例句未使用目标词条
[2026-08-16T04:34:13.706Z] encounter danger	英文例句未使用目标词条
[2026-08-16T04:34:13.707Z] encounter difficulties	英文例句未使用目标词条
[2026-08-16T04:34:13.708Z] encounter opposition	英文例句未使用目标词条
[2026-08-16T04:34:13.708Z] encounter trouble	英文例句未使用目标词条
[2026-08-16T04:34:30.591Z] end in	英文例句未使用目标词条
[2026-08-16T04:35:36.458Z] end up	英文例句未使用目标词条
[2026-08-16T04:35:36.459Z] end with	英文例句未使用目标词条
[2026-08-16T04:35:54.062Z] endow with	英文例句未使用目标词条
[2026-08-16T04:38:32.854Z] enjoy a superb reputation	英文例句未使用目标词条
[2026-08-16T04:38:32.855Z] enjoy oneself	英文例句未使用目标词条
[2026-08-16T04:39:15.835Z] enquire into	英文例句未使用目标词条
[2026-08-16T04:41:21.156Z] enter for	英文例句未使用目标词条
[2026-08-16T04:41:21.157Z] enter into	英文例句未使用目标词条
[2026-08-16T04:41:21.158Z] enter upon	英文例句未使用目标词条
[2026-08-16T04:45:13.932Z] equip with	英文例句未使用目标词条
[2026-08-16T04:53:40.535Z] ex-	英文例句未使用目标词条
[2026-08-16T04:55:52.357Z] exchange greetings	英文例句未使用目标词条
[2026-08-16T04:57:48.504Z] exhaust a subject	英文例句未使用目标词条
[2026-08-16T04:57:48.505Z] exhaust oneself	英文例句未使用目标词条
[2026-08-16T05:00:22.610Z] expect for	英文例句未使用目标词条
[2026-08-16T05:08:58.097Z] fade out	英文例句未使用目标词条
[2026-08-16T05:08:58.097Z] fail in	英文例句未使用目标词条
[2026-08-16T05:08:58.098Z] fail to	英文例句未使用目标词条
[2026-08-16T05:10:56.857Z] fall apart	英文例句未使用目标词条
[2026-08-16T05:10:56.857Z] fall down	英文例句未使用目标词条
[2026-08-16T05:10:56.858Z] fall for	英文例句未使用目标词条
[2026-08-16T05:10:56.858Z] fall ill	英文例句未使用目标词条
[2026-08-16T05:12:08.076Z] fall into a habit of	英文例句未使用目标词条
[2026-08-16T05:12:08.077Z] fall into the habit of	英文例句未使用目标词条
[2026-08-16T05:12:08.077Z] fall off	英文例句未使用目标词条
[2026-08-16T05:12:08.078Z] fall on	英文例句未使用目标词条
[2026-08-16T05:12:08.078Z] fall out	英文例句未使用目标词条
[2026-08-16T05:12:08.079Z] fall over	英文例句未使用目标词条
[2026-08-16T05:12:08.080Z] fall prey to	英文例句未使用目标词条
[2026-08-16T05:12:08.080Z] fall short of	英文例句未使用目标词条
[2026-08-16T05:12:50.963Z] fall through	英文例句未使用目标词条
[2026-08-16T05:12:50.964Z] fall to	英文例句未使用目标词条
[2026-08-16T05:12:50.965Z] fall upon	英文例句未使用目标词条
[2026-08-16T05:12:50.965Z] fallen	英文例句未使用目标词条
[2026-08-16T05:19:12.359Z] feed on	英文例句未使用目标词条
[2026-08-16T05:20:12.501Z] feed up	英文例句未使用目标词条
[2026-08-16T05:20:12.501Z] feel	英文例句未使用目标词条
[2026-08-16T05:20:12.502Z] feel content with	英文例句未使用目标词条
[2026-08-16T05:20:12.502Z] feel free to do	英文例句未使用目标词条
[2026-08-16T05:20:12.503Z] feel one's way	英文例句未使用目标词条
[2026-08-16T05:23:18.916Z] fetch up	英文例句未使用目标词条
[2026-08-16T05:26:06.341Z] fight down	英文例句未使用目标词条
[2026-08-16T05:27:23.020Z] fill up with	英文例句未使用目标词条
[2026-08-16T05:27:23.020Z] fill with	英文例句未使用目标词条
[2026-08-16T05:27:54.248Z] finalize one's plan	英文例句未使用目标词条
[2026-08-16T05:28:41.306Z] find a way to	英文例句未使用目标词条
[2026-08-16T05:29:18.508Z] find fault with	英文例句未使用目标词条
[2026-08-16T05:29:18.509Z] find it's difficult to do	英文例句未使用目标词条
[2026-08-16T05:30:04.401Z] finish off	英文例句未使用目标词条
[2026-08-16T05:31:25.390Z] fire-bomb	英文例句未使用目标词条
[2026-08-16T05:31:52.764Z] fish for	英文例句未使用目标词条
[2026-08-16T05:33:04.377Z] fix on	英文例句未使用目标词条
[2026-08-16T05:33:44.463Z] flag down	英文例句未使用目标词条
[2026-08-16T05:37:42.491Z] fling	英文例句未使用目标词条
[2026-08-16T05:40:45.981Z] focus on	英文例句未使用目标词条
[2026-08-16T05:41:43.997Z] fold up	英文例句未使用目标词条
[2026-08-16T05:42:16.356Z] follow one's advice	英文例句未使用目标词条
[2026-08-16T05:42:16.357Z] follow through	英文例句未使用目标词条
[2026-08-16T05:42:16.357Z] follow up	英文例句未使用目标词条
[2026-08-16T05:48:41.051Z] forget	英文例句未使用目标词条
[2026-08-16T05:49:33.960Z] formulate a theory	英文例句未使用目标词条
[2026-08-16T05:51:14.203Z] foul up	英文例句未使用目标词条
[2026-08-16T05:54:20.590Z] freeze	英文例句未使用目标词条
[2026-08-16T05:54:20.591Z] freeze over	英文例句未使用目标词条
[2026-08-16T05:54:20.591Z] freeze up	英文例句未使用目标词条
[2026-08-16T05:54:52.671Z] frequent	英文例句未使用目标词条
[2026-08-16T05:55:36.814Z] frighten away	英文例句未使用目标词条
[2026-08-16T05:56:41.462Z] from the bottom of one's heart	英文例句未使用目标词条
[2026-08-16T05:59:54.164Z] furl	英文例句未使用目标词条
[2026-08-16T06:01:59.828Z] gain a reputation as	英文例句未使用目标词条
[2026-08-16T06:01:59.829Z] gain a reputation for	英文例句未使用目标词条
[2026-08-16T06:02:15.890Z] gain momentum	英文例句未使用目标词条
[2026-08-16T06:02:15.891Z] gain on	英文例句未使用目标词条
[2026-08-16T06:03:32.078Z] gamble away	英文例句未使用目标词条
[2026-08-16T06:05:24.716Z] gather momentum	英文例句未使用目标词条
[2026-08-16T06:05:24.716Z] gather up	英文例句未使用目标词条
[2026-08-16T06:05:56.659Z] gaze at	英文例句未使用目标词条
[2026-08-16T06:07:07.787Z] generate from	英文例句未使用目标词条
[2026-08-16T06:07:38.204Z] gentle	英文例句未使用目标词条
[2026-08-16T06:09:03.945Z] get	英文例句未使用目标词条
[2026-08-16T06:09:41.357Z] get a fever	英文例句未使用目标词条
[2026-08-16T06:09:41.357Z] get a good view of	英文例句未使用目标词条
[2026-08-16T06:09:41.358Z] get a job offer	英文例句未使用目标词条
[2026-08-16T06:09:41.359Z] get a lot out of	英文例句未使用目标词条
[2026-08-16T06:09:41.359Z] get a refund	英文例句未使用目标词条
[2026-08-16T06:09:41.360Z] get a ride	英文例句未使用目标词条
[2026-08-16T06:09:41.360Z] get a scholarship to the university	英文例句未使用目标词条
[2026-08-16T06:10:37.044Z] get about	英文例句未使用目标词条
[2026-08-16T06:10:37.044Z] get along with	英文例句未使用目标词条
[2026-08-16T06:10:37.045Z] get an extension of time	英文例句未使用目标词条
[2026-08-16T06:10:37.046Z] get annoyed	英文例句未使用目标词条
[2026-08-16T06:10:37.046Z] get around	英文例句未使用目标词条
[2026-08-16T06:11:12.831Z] get back	英文例句未使用目标词条
[2026-08-16T06:11:12.831Z] get behind with	英文例句未使用目标词条
[2026-08-16T06:11:12.832Z] get bored	英文例句未使用目标词条
[2026-08-16T06:12:19.621Z] get caught	英文例句未使用目标词条
[2026-08-16T06:12:19.622Z] get close	英文例句未使用目标词条
[2026-08-16T06:12:19.623Z] get close to	英文例句未使用目标词条
[2026-08-16T06:12:19.623Z] get down	英文例句未使用目标词条
[2026-08-16T06:12:19.624Z] get dressed	英文例句未使用目标词条
[2026-08-16T06:12:19.624Z] get engaged to	英文例句未使用目标词条
[2026-08-16T06:12:19.625Z] get going	英文例句未使用目标词条
[2026-08-16T06:12:19.626Z] get hold of	英文例句未使用目标词条
[2026-08-16T06:12:19.626Z] get hurt	英文例句未使用目标词条
[2026-08-16T06:12:58.368Z] get in	英文例句未使用目标词条
[2026-08-16T06:12:58.369Z] get in one's hair	英文例句未使用目标词条
[2026-08-16T06:12:58.369Z] get into	英文例句未使用目标词条
[2026-08-16T06:12:58.370Z] get into the habit of	英文例句未使用目标词条
[2026-08-16T06:12:58.370Z] get into trouble	英文例句未使用目标词条
[2026-08-16T06:14:09.493Z] get involved with	英文例句未使用目标词条
[2026-08-16T06:14:09.494Z] get mad at	英文例句未使用目标词条
[2026-08-16T06:14:09.494Z] get married	英文例句未使用目标词条
[2026-08-16T06:14:09.495Z] get married to	英文例句未使用目标词条
[2026-08-16T06:14:09.495Z] get nowhere	英文例句未使用目标词条
[2026-08-16T06:14:09.496Z] get off	英文例句未使用目标词条
[2026-08-16T06:14:09.497Z] get off on the wrong foot	英文例句未使用目标词条
[2026-08-16T06:14:09.498Z] get off the ground	英文例句未使用目标词条
[2026-08-16T06:14:09.499Z] get off work	英文例句未使用目标词条
[2026-08-16T06:14:51.832Z] get on	英文例句未使用目标词条
[2026-08-16T06:14:51.833Z] get on one's nerve	英文例句未使用目标词条
[2026-08-16T06:14:51.833Z] get on one's nerves	英文例句未使用目标词条
[2026-08-16T06:14:51.834Z] get on well with	英文例句未使用目标词条
[2026-08-16T06:14:51.834Z] get one's hair cut	英文例句未使用目标词条
[2026-08-16T06:15:39.853Z] get paid	英文例句未使用目标词条
[2026-08-16T06:15:39.854Z] get promoted	英文例句未使用目标词条
[2026-08-16T06:15:39.854Z] get separated from	英文例句未使用目标词条
[2026-08-16T06:16:15.809Z] get stuck	英文例句未使用目标词条
[2026-08-16T06:16:15.809Z] get the best of	英文例句未使用目标词条
[2026-08-16T06:16:15.810Z] get the jump on	英文例句未使用目标词条
[2026-08-16T06:17:07.078Z] get to one's feet	英文例句未使用目标词条
[2026-08-16T06:17:07.079Z] get together	英文例句未使用目标词条
[2026-08-16T06:17:07.080Z] get up	英文例句未使用目标词条
[2026-08-16T06:18:39.004Z] give a discount	英文例句未使用目标词条
[2026-08-16T06:19:41.294Z] give a prescription	英文例句未使用目标词条
[2026-08-16T06:19:41.295Z] give a talk	英文例句未使用目标词条
[2026-08-16T06:19:41.295Z] give an account of	英文例句未使用目标词条
[2026-08-16T06:19:41.296Z] give away	英文例句未使用目标词条
[2026-08-16T06:19:41.296Z] give birth to	英文例句未使用目标词条
[2026-08-16T06:19:41.297Z] give comments on	英文例句未使用目标词条
[2026-08-16T06:19:41.298Z] give free rein to	英文例句未使用目标词条
[2026-08-16T06:20:26.320Z] give life to	英文例句未使用目标词条
[2026-08-16T06:20:26.321Z] give off	英文例句未使用目标词条
[2026-08-16T06:20:26.322Z] give out	英文例句未使用目标词条
[2026-08-16T06:20:26.322Z] give priority to	英文例句未使用目标词条
[2026-08-16T06:20:26.323Z] give reasons for	英文例句未使用目标词条
[2026-08-16T06:20:26.323Z] give rein to	英文例句未使用目标词条
[2026-08-16T06:20:26.324Z] give rise to	英文例句未使用目标词条
[2026-08-16T06:20:54.420Z] give shape to	英文例句未使用目标词条
[2026-08-16T06:21:45.372Z] give vent to	英文例句未使用目标词条
[2026-08-16T06:21:45.373Z] give way to	英文例句未使用目标词条
[2026-08-16T06:22:24.490Z] glamor	英文例句未使用目标词条
[2026-08-16T06:22:24.491Z] glance down at	英文例句未使用目标词条
[2026-08-16T06:22:24.492Z] glare at	英文例句未使用目标词条
[2026-08-16T06:24:46.537Z] go	英文例句未使用目标词条
[2026-08-16T06:25:38.345Z] go across	英文例句未使用目标词条
[2026-08-16T06:25:38.346Z] go after	英文例句未使用目标词条
[2026-08-16T06:25:38.346Z] go against	英文例句未使用目标词条
[2026-08-16T06:25:38.347Z] go ahead	英文例句未使用目标词条
[2026-08-16T06:25:38.347Z] go along	英文例句未使用目标词条
[2026-08-16T06:25:38.348Z] go along with	英文例句未使用目标词条
[2026-08-16T06:25:38.349Z] go around	英文例句未使用目标词条
[2026-08-16T06:25:38.349Z] go back	英文例句未使用目标词条
[2026-08-16T06:25:38.350Z] go back home	英文例句未使用目标词条
[2026-08-16T06:26:42.521Z] go back to	英文例句未使用目标词条
[2026-08-16T06:26:42.522Z] go bad	英文例句未使用目标词条
[2026-08-16T06:26:42.523Z] go by	英文例句未使用目标词条
[2026-08-16T06:26:42.523Z] go down	英文例句未使用目标词条
[2026-08-16T06:26:42.524Z] go downhill	英文例句未使用目标词条
[2026-08-16T06:26:42.524Z] go extinct	英文例句未使用目标词条
[2026-08-16T06:26:42.525Z] go for a walk	英文例句未使用目标词条
[2026-08-16T06:27:24.542Z] go hand in hand	英文例句未使用目标词条
[2026-08-16T06:27:24.542Z] go hunting	英文例句未使用目标词条
[2026-08-16T06:27:24.543Z] go in for	英文例句未使用目标词条
[2026-08-16T06:27:24.544Z] go in one ear and out the other	英文例句未使用目标词条
[2026-08-16T06:27:24.544Z] go into	英文例句未使用目标词条
[2026-08-16T06:28:31.889Z] go into action	英文例句未使用目标词条
[2026-08-16T06:28:31.889Z] go into detail	英文例句未使用目标词条
[2026-08-16T06:28:31.890Z] go into details	英文例句未使用目标词条
[2026-08-16T06:28:31.890Z] go into effect	英文例句未使用目标词条
[2026-08-16T06:28:31.891Z] go mad	英文例句未使用目标词条
[2026-08-16T06:28:31.891Z] go off	英文例句未使用目标词条
[2026-08-16T06:28:31.892Z] go on	英文例句未使用目标词条
[2026-08-16T06:28:31.892Z] go on a date	英文例句未使用目标词条
[2026-08-16T06:28:31.893Z] go on a diet	英文例句未使用目标词条
[2026-08-16T06:29:11.783Z] go out of fashion	英文例句未使用目标词条
[2026-08-16T06:29:11.784Z] go out of use	英文例句未使用目标词条
[2026-08-16T06:29:11.784Z] go over	英文例句未使用目标词条
[2026-08-16T06:29:11.785Z] go rock climbing	英文例句未使用目标词条
[2026-08-16T06:30:17.240Z] go the round	英文例句未使用目标词条
[2026-08-16T06:30:17.240Z] go the round of	英文例句未使用目标词条
[2026-08-16T06:30:17.241Z] go the rounds	英文例句未使用目标词条
[2026-08-16T06:30:17.241Z] go the rounds of	英文例句未使用目标词条
[2026-08-16T06:31:08.091Z] go to extremes	英文例句未使用目标词条
[2026-08-16T06:31:08.091Z] go to one's head	英文例句未使用目标词条
[2026-08-16T06:31:08.092Z] go to pieces	英文例句未使用目标词条
[2026-08-16T06:31:08.093Z] go to sleep	英文例句未使用目标词条
[2026-08-16T06:31:08.093Z] go to the gym	英文例句未使用目标词条
[2026-08-16T06:31:08.094Z] go up	英文例句未使用目标词条
[2026-08-16T06:31:08.094Z] go with	英文例句未使用目标词条
[2026-08-16T06:31:08.095Z] go wrong	英文例句未使用目标词条
[2026-08-16T06:33:35.963Z] grace	英文例句未使用目标词条
[2026-08-16T06:34:01.075Z] graduate from	英文例句未使用目标词条
[2026-08-16T06:35:11.152Z] grant a request	英文例句未使用目标词条
[2026-08-16T06:35:11.153Z] grant one's request	英文例句未使用目标词条
[2026-08-16T06:38:27.720Z] grieve over	英文例句未使用目标词条
[2026-08-16T06:39:48.820Z] groan about	英文例句未使用目标词条
[2026-08-16T06:40:50.108Z] grow	英文例句未使用目标词条
[2026-08-16T06:40:50.108Z] grow on	英文例句未使用目标词条
[2026-08-16T06:40:50.109Z] grow up	英文例句未使用目标词条
[2026-08-16T06:42:12.584Z] guerilla	英文例句未使用目标词条
[2026-08-16T06:43:32.353Z] guzzle	英文例句未使用目标词条
[2026-08-16T06:46:40.655Z] hammer out	英文例句未使用目标词条
[2026-08-16T06:47:18.278Z] hamstring	英文例句未使用目标词条
[2026-08-16T06:47:18.279Z] hand down	英文例句未使用目标词条
[2026-08-16T06:47:18.280Z] hand on	英文例句未使用目标词条
[2026-08-16T06:47:18.280Z] hand out	英文例句未使用目标词条
[2026-08-16T06:47:18.281Z] hand over	英文例句未使用目标词条
[2026-08-16T06:47:18.282Z] hand round	英文例句未使用目标词条
[2026-08-16T06:48:57.514Z] hang in the balance	英文例句未使用目标词条
[2026-08-16T06:49:45.186Z] hang out	英文例句未使用目标词条
[2026-08-16T06:49:45.186Z] hang over	英文例句未使用目标词条
[2026-08-16T06:50:17.303Z] happen on	英文例句未使用目标词条
[2026-08-16T06:50:17.304Z] happen to	英文例句未使用目标词条
[2026-08-16T06:52:34.916Z] harmonize with	英文例句未使用目标词条
[2026-08-16T06:54:24.718Z] hate one's guts	英文例句未使用目标词条
[2026-08-16T06:54:56.857Z] have a bearing on	英文例句未使用目标词条
[2026-08-16T06:54:56.858Z] have a big appetite	英文例句未使用目标词条
[2026-08-16T06:54:56.859Z] have a blast	英文例句未使用目标词条
[2026-08-16T06:55:54.201Z] have a chance to	英文例句未使用目标词条
[2026-08-16T06:55:54.202Z] have a check	英文例句未使用目标词条
[2026-08-16T06:55:54.203Z] have a fever	英文例句未使用目标词条
[2026-08-16T06:55:54.203Z] have a gift for	英文例句未使用目标词条
[2026-08-16T06:55:54.204Z] have a good appetite	英文例句未使用目标词条
[2026-08-16T06:55:54.204Z] have a good mind	英文例句未使用目标词条
[2026-08-16T06:56:39.983Z] have a grasp on	英文例句未使用目标词条
[2026-08-16T06:56:39.983Z] have a great time	英文例句未使用目标词条
[2026-08-16T06:56:39.984Z] have a habit of doing	英文例句未使用目标词条
[2026-08-16T06:56:39.984Z] have a hand in	英文例句未使用目标词条
[2026-08-16T06:56:39.985Z] have a high fever	英文例句未使用目标词条
[2026-08-16T06:56:39.985Z] have a lesson	英文例句未使用目标词条
[2026-08-16T06:56:39.986Z] have a look	英文例句未使用目标词条
[2026-08-16T06:57:34.982Z] have a mind	英文例句未使用目标词条
[2026-08-16T06:57:34.983Z] have a poor appetite	英文例句未使用目标词条
[2026-08-16T06:57:34.984Z] have a population of	英文例句未使用目标词条
[2026-08-16T06:57:34.984Z] have a problem with	英文例句未使用目标词条
[2026-08-16T06:57:34.985Z] have a reputation for	英文例句未使用目标词条
[2026-08-16T06:58:31.995Z] have a significant effect	英文例句未使用目标词条
[2026-08-16T06:58:31.996Z] have a significant impact on	英文例句未使用目标词条
[2026-08-16T06:58:31.996Z] have a sore throat	英文例句未使用目标词条
[2026-08-16T06:58:31.997Z] have a stuffed nose	英文例句未使用目标词条
[2026-08-16T06:58:31.997Z] have a taste in	英文例句未使用目标词条
[2026-08-16T06:58:31.998Z] have a taste of	英文例句未使用目标词条
[2026-08-16T06:58:31.998Z] have a temperature	英文例句未使用目标词条
[2026-08-16T06:58:31.999Z] have a way with	英文例句未使用目标词条
[2026-08-16T06:58:31.999Z] have a word with	英文例句未使用目标词条
[2026-08-16T06:58:32.000Z] have abundant energy	英文例句未使用目标词条
[2026-08-16T06:59:27.883Z] have access to	英文例句未使用目标词条
[2026-08-16T06:59:27.884Z] have an appetite for	英文例句未使用目标词条
[2026-08-16T06:59:27.885Z] have an effect on	英文例句未使用目标词条
[2026-08-16T06:59:27.885Z] have an eye for	英文例句未使用目标词条
[2026-08-16T06:59:27.886Z] have an impact on	英文例句未使用目标词条
[2026-08-16T06:59:27.886Z] have an influence on	英文例句未使用目标词条
[2026-08-16T07:00:02.267Z] have an overdraft	英文例句未使用目标词条
[2026-08-16T07:00:02.267Z] have desire to do	英文例句未使用目标词条
[2026-08-16T07:01:01.866Z] have fun with	英文例句未使用目标词条
[2026-08-16T07:01:01.867Z] have got a high fever	英文例句未使用目标词条
[2026-08-16T07:01:01.868Z] have influence on	英文例句未使用目标词条
[2026-08-16T07:01:01.868Z] have links with	英文例句未使用目标词条
[2026-08-16T07:01:01.869Z] have no business	英文例句未使用目标词条
[2026-08-16T07:01:01.869Z] have no choice but to do	英文例句未使用目标词条
[2026-08-16T07:01:47.239Z] have one's address	英文例句未使用目标词条
[2026-08-16T07:01:47.239Z] have one's hair cut	英文例句未使用目标词条
[2026-08-16T07:01:47.240Z] have one's hands full	英文例句未使用目标词条
[2026-08-16T07:01:47.240Z] have problems with	英文例句未使用目标词条
[2026-08-16T07:01:47.241Z] have right to do	英文例句未使用目标词条
[2026-08-16T07:01:47.242Z] have room for	英文例句未使用目标词条
[2026-08-16T07:02:17.759Z] have taste in	英文例句未使用目标词条
[2026-08-16T07:03:15.603Z] have the authority to do	英文例句未使用目标词条
[2026-08-16T07:03:15.604Z] have the best of	英文例句未使用目标词条
[2026-08-16T07:03:15.604Z] have time to do	英文例句未使用目标词条
[2026-08-16T07:03:15.605Z] have to do with	英文例句未使用目标词条
[2026-08-16T07:03:15.606Z] have trouble in doing	英文例句未使用目标词条
[2026-08-16T07:03:15.606Z] have trouble with	英文例句未使用目标词条
[2026-08-16T07:03:15.608Z] have words with	英文例句未使用目标词条
[2026-08-16T07:04:24.838Z] head	英文例句未使用目标词条
[2026-08-16T07:06:10.717Z] hear	英文例句未使用目标词条
[2026-08-16T07:06:10.718Z] hear about	英文例句未使用目标词条
[2026-08-16T07:06:10.718Z] hear from	英文例句未使用目标词条
[2026-08-16T07:06:10.719Z] hear of	英文例句未使用目标词条
[2026-08-16T07:09:44.653Z] help out	英文例句未使用目标词条
[2026-08-16T07:13:52.018Z] hide	英文例句未使用目标词条
[2026-08-16T07:16:17.486Z] hinge on	英文例句未使用目标词条
[2026-08-16T07:16:17.487Z] hinge upon	英文例句未使用目标词条
[2026-08-16T07:18:56.929Z] hold back	英文例句未使用目标词条
[2026-08-16T07:18:56.929Z] hold in check	英文例句未使用目标词条
[2026-08-16T07:18:56.930Z] hold off	英文例句未使用目标词条
[2026-08-16T07:19:14.920Z] hold one's breath	英文例句未使用目标词条
[2026-08-16T07:19:14.921Z] hold one's own	英文例句未使用目标词条
[2026-08-16T07:19:14.921Z] hold the grudge	英文例句未使用目标词条
[2026-08-16T07:20:14.407Z] hold true	英文例句未使用目标词条
[2026-08-16T07:20:14.407Z] hold up	英文例句未使用目标词条
[2026-08-16T07:22:47.240Z] hook up	英文例句未使用目标词条
[2026-08-16T07:26:51.670Z] hover around	英文例句未使用目标词条
[2026-08-16T07:30:18.821Z] hunt down	英文例句未使用目标词条
[2026-08-16T07:30:18.822Z] hunt for	英文例句未使用目标词条
[2026-08-16T07:38:23.864Z] immerge oneself into	英文例句未使用目标词条
[2026-08-16T07:38:23.864Z] immerse in	英文例句未使用目标词条
[2026-08-16T07:38:56.782Z] immune	英文例句未使用目标词条
[2026-08-16T07:42:13.602Z] imposition	英文例句未使用目标词条
[2026-08-16T07:42:42.775Z] impress on	英文例句未使用目标词条
[2026-08-16T07:42:42.776Z] impress with	英文例句未使用目标词条
[2026-08-16T07:43:26.293Z] improve upon	英文例句未使用目标词条
[2026-08-16T07:48:10.545Z] in depth	英文例句未使用目标词条
[2026-08-16T07:49:42.672Z] in front of	英文例句与已有记录重复
[2026-08-16T07:51:41.637Z] in one's fifties	英文例句未使用目标词条
[2026-08-16T07:51:41.638Z] in one's honor	英文例句未使用目标词条
[2026-08-16T07:51:41.638Z] in one's lifetime	英文例句未使用目标词条
[2026-08-16T07:51:41.639Z] in one's opinion	英文例句未使用目标词条
[2026-08-16T07:52:27.115Z] in one's place	英文例句未使用目标词条
[2026-08-16T07:52:27.116Z] in one's presence	英文例句未使用目标词条
[2026-08-16T07:52:27.117Z] in one's sight	英文例句未使用目标词条
[2026-08-16T07:52:27.117Z] in one's turn	英文例句未使用目标词条
[2026-08-16T07:52:27.118Z] in one's view	英文例句未使用目标词条
[2026-08-16T07:52:27.119Z] in one's way	英文例句未使用目标词条
[2026-08-16T08:01:45.841Z] including	英文例句未使用目标词条
[2026-08-16T08:03:09.557Z] increasingly	英文例句未使用目标词条
[2026-08-16T08:10:15.481Z] inflict on	英文例句未使用目标词条
[2026-08-16T08:10:15.482Z] inflict upon	英文例句未使用目标词条
[2026-08-16T08:12:44.049Z] inherit from	英文例句未使用目标词条
[2026-08-16T08:15:47.688Z] insert one's card	英文例句未使用目标词条
[2026-08-16T08:16:01.101Z] insist that	英文例句未使用目标词条
[2026-08-16T08:21:47.107Z] interact	英文例句未使用目标词条
[2026-08-16T08:25:41.235Z] intravenous	英文例句未使用目标词条
[2026-08-16T08:28:53.266Z] involve in	英文例句未使用目标词条
[2026-08-16T08:28:53.266Z] inward	英文例句未使用目标词条
[2026-08-16T08:31:09.401Z] isolate from	英文例句未使用目标词条
[2026-08-16T08:31:23.226Z] It's hard to say.	英文例句未使用目标词条
[2026-08-16T08:32:24.326Z] It's hard to tell.	英文例句未使用目标词条
[2026-08-16T08:32:24.327Z] it's worthwhile to do	英文例句未使用目标词条
[2026-08-16T08:38:52.687Z] jump a queue	英文例句未使用目标词条
[2026-08-16T08:38:52.688Z] jump in	英文例句未使用目标词条
[2026-08-16T08:38:52.689Z] jump off	英文例句未使用目标词条
[2026-08-16T08:41:18.486Z] keep a diary	英文例句未使用目标词条
[2026-08-16T08:41:18.486Z] keep a promise	英文例句未使用目标词条
[2026-08-16T08:41:18.487Z] keep a record	英文例句未使用目标词条
[2026-08-16T08:41:18.487Z] keep a record of	英文例句未使用目标词条
[2026-08-16T08:41:36.091Z] keep at	英文例句未使用目标词条
[2026-08-16T08:41:36.092Z] keep back	英文例句未使用目标词条
[2026-08-16T08:41:36.092Z] keep down	英文例句未使用目标词条
[2026-08-16T08:42:42.896Z] keep on the file	英文例句未使用目标词条
[2026-08-16T08:42:42.897Z] keep one's balance	英文例句未使用目标词条
[2026-08-16T08:43:25.815Z] keep one's distance	英文例句未使用目标词条
[2026-08-16T08:43:25.816Z] keep one's eyes on	英文例句未使用目标词条
[2026-08-16T08:43:25.816Z] keep one's fingers crossed	英文例句未使用目标词条
[2026-08-16T08:43:25.817Z] keep one's head	英文例句未使用目标词条
[2026-08-16T08:43:25.817Z] keep one's promise	英文例句未使用目标词条
[2026-08-16T08:43:25.818Z] keep one's word	英文例句未使用目标词条
[2026-08-16T08:43:25.818Z] keep out	英文例句未使用目标词条
[2026-08-16T08:43:25.819Z] keep pace	英文例句未使用目标词条
[2026-08-16T08:43:25.820Z] keep pace with	英文例句未使用目标词条
[2026-08-16T08:43:25.820Z] keep quiet	英文例句未使用目标词条
[2026-08-16T08:44:10.396Z] keep to oneself	英文例句未使用目标词条
[2026-08-16T08:44:10.397Z] keep up	英文例句未使用目标词条
[2026-08-16T08:44:39.439Z] keep watch on	英文例句未使用目标词条
[2026-08-16T08:45:38.156Z] kick about	英文例句未使用目标词条
[2026-08-16T08:45:38.157Z] kick off	英文例句未使用目标词条
[2026-08-16T08:45:38.157Z] kick out	英文例句未使用目标词条
[2026-08-16T08:45:38.158Z] kick up	英文例句未使用目标词条
[2026-08-16T08:48:35.898Z] knock down	英文例句未使用目标词条
[2026-08-16T08:48:35.899Z] knock into	英文例句未使用目标词条
[2026-08-16T08:48:35.900Z] knock off	英文例句未使用目标词条
[2026-08-16T08:49:12.899Z] knock on	英文例句未使用目标词条
[2026-08-16T08:49:12.899Z] knock out	英文例句未使用目标词条
[2026-08-16T08:49:12.900Z] knock up	英文例句未使用目标词条
[2026-08-16T08:50:07.346Z] know backward	英文例句未使用目标词条
[2026-08-16T08:50:07.347Z] know backwards	英文例句未使用目标词条
[2026-08-16T08:50:07.347Z] know better	英文例句未使用目标词条
[2026-08-16T08:50:07.348Z] knowhow	英文例句未使用目标词条
[2026-08-16T08:50:39.191Z] label as	英文例句未使用目标词条
[2026-08-16T08:51:53.271Z] lag behind	英文例句未使用目标词条
[2026-08-16T08:52:25.445Z] land on one's feet	英文例句未使用目标词条
[2026-08-16T08:54:15.544Z] lash out	英文例句未使用目标词条
[2026-08-16T08:54:15.545Z] lash out at	英文例句未使用目标词条
[2026-08-16T08:56:42.236Z] laugh at	英文例句未使用目标词条
[2026-08-16T08:56:42.237Z] laugh off	英文例句未使用目标词条
[2026-08-16T08:56:42.237Z] laugh one's head off	英文例句未使用目标词条
[2026-08-16T08:56:42.238Z] launch in	英文例句未使用目标词条
[2026-08-16T08:56:42.239Z] launch into	英文例句未使用目标词条
[2026-08-16T08:56:42.239Z] launch new products	英文例句未使用目标词条
[2026-08-16T08:58:02.166Z] lay claim to	英文例句未使用目标词条
[2026-08-16T08:58:02.166Z] lay great emphasis on	英文例句未使用目标词条
[2026-08-16T08:58:05.535Z] lay out	英文例句未使用目标词条
[2026-08-16T08:58:05.536Z] lay stress on	英文例句未使用目标词条
[2026-08-16T08:58:05.537Z] lay up	英文例句未使用目标词条
[2026-08-16T08:59:22.474Z] lead	英文例句未使用目标词条
[2026-08-16T08:59:22.475Z] lead to	英文例句未使用目标词条
[2026-08-16T08:59:38.576Z] leaf through	英文例句未使用目标词条
[2026-08-16T08:59:38.576Z] lean out of	英文例句未使用目标词条
[2026-08-16T09:00:41.237Z] learn about	英文例句未使用目标词条
[2026-08-16T09:00:41.238Z] learn through	英文例句未使用目标词条
[2026-08-16T09:02:03.766Z] leave behind	英文例句未使用目标词条
[2026-08-16T09:02:03.767Z] leave over	英文例句未使用目标词条
[2026-08-16T09:02:03.768Z] leave school	英文例句未使用目标词条
[2026-08-16T09:02:03.768Z] leave to one's own devices	英文例句未使用目标词条
[2026-08-16T09:07:49.528Z] lie in	英文例句未使用目标词条
[2026-08-16T09:07:49.528Z] lie to	英文例句未使用目标词条
[2026-08-16T09:07:49.530Z] lie with	英文例句未使用目标词条
[2026-08-16T09:07:50.776Z] lift up	英文例句未使用目标词条
[2026-08-16T09:10:34.702Z] linger on	英文例句未使用目标词条
[2026-08-16T09:11:29.887Z] link to	英文例句未使用目标词条
[2026-08-16T09:11:29.888Z] link up with	英文例句未使用目标词条
[2026-08-16T09:11:57.669Z] listen in	英文例句未使用目标词条
[2026-08-16T09:13:23.555Z] live by	英文例句未使用目标词条
[2026-08-16T09:15:50.126Z] lock away	英文例句未使用目标词条
[2026-08-16T09:15:50.127Z] lock up	英文例句未使用目标词条
[2026-08-16T09:17:34.541Z] long for	英文例句未使用目标词条
[2026-08-16T09:17:34.542Z] look about	英文例句未使用目标词条
[2026-08-16T09:18:24.378Z] look about for	英文例句未使用目标词条
[2026-08-16T09:18:24.379Z] look after	英文例句未使用目标词条
[2026-08-16T09:18:24.380Z] look around	英文例句未使用目标词条
[2026-08-16T09:18:24.380Z] look around for	英文例句未使用目标词条
[2026-08-16T09:18:24.381Z] look as if	英文例句未使用目标词条
[2026-08-16T09:18:24.381Z] look away	英文例句未使用目标词条
[2026-08-16T09:18:24.382Z] look away from	英文例句未使用目标词条
[2026-08-16T09:18:24.382Z] look back	英文例句未使用目标词条
[2026-08-16T09:19:07.843Z] look for	英文例句未使用目标词条
[2026-08-16T09:19:07.844Z] look for a needle in a haystack	英文例句未使用目标词条
[2026-08-16T09:19:53.177Z] look in at	英文例句未使用目标词条
[2026-08-16T09:19:53.178Z] look into	英文例句未使用目标词条
[2026-08-16T09:19:53.179Z] look like	英文例句未使用目标词条
[2026-08-16T09:19:53.179Z] look on	英文例句未使用目标词条
[2026-08-16T09:19:53.180Z] look out of	英文例句未使用目标词条
[2026-08-16T09:20:44.724Z] look through	英文例句未使用目标词条
[2026-08-16T09:20:44.724Z] look up	英文例句未使用目标词条
[2026-08-16T09:20:44.725Z] look up and down	英文例句未使用目标词条
[2026-08-16T09:20:44.725Z] look upon	英文例句未使用目标词条
[2026-08-16T12:05:47.600Z] acquaint with	英文例句未使用目标词条
[2026-08-16T12:05:47.601Z] agree to	英文例句未使用目标词条
[2026-08-16T12:05:47.602Z] agree upon	英文例句未使用目标词条
[2026-08-16T12:05:47.602Z] aim at	英文例句未使用目标词条
[2026-08-16T12:05:47.603Z] aim to	英文例句未使用目标词条
[2026-08-16T12:05:47.603Z] arise from	英文例句未使用目标词条
[2026-08-16T12:05:47.604Z] ask for	英文例句未使用目标词条
[2026-08-16T12:05:59.714Z] assign to	英文例句未使用目标词条
[2026-08-16T12:05:59.715Z] assist with	英文例句未使用目标词条
[2026-08-16T12:05:59.716Z] associate with	英文例句未使用目标词条
[2026-08-16T12:05:59.716Z] at one's best	英文例句未使用目标词条
[2026-08-16T12:05:59.717Z] attach to	英文例句未使用目标词条
[2026-08-16T12:05:59.718Z] attempt to	英文例句未使用目标词条
[2026-08-16T12:05:59.718Z] attempt to do	英文例句未使用目标词条
[2026-08-16T12:05:59.719Z] attribute to	英文例句未使用目标词条
[2026-08-16T12:05:59.719Z] await trial	英文例句未使用目标词条
[2026-08-16T12:05:59.720Z] awake to	英文例句未使用目标词条
[2026-08-16T12:08:10.620Z] back away	英文例句未使用目标词条
[2026-08-16T12:08:10.621Z] back on one's feet	英文例句未使用目标词条
[2026-08-16T12:08:10.621Z] balance between A and B	英文例句未使用目标词条
[2026-08-16T12:08:10.622Z] bargain on	英文例句未使用目标词条
[2026-08-16T12:08:10.622Z] base on	英文例句未使用目标词条
[2026-08-16T12:08:10.623Z] base upon	英文例句未使用目标词条
[2026-08-16T12:08:10.623Z] be able to	英文例句未使用目标词条
[2026-08-16T12:08:10.624Z] be absent from	英文例句未使用目标词条
[2026-08-16T12:08:10.625Z] be absorbed in	英文例句未使用目标词条
[2026-08-16T12:08:22.319Z] be abundant in	英文例句未使用目标词条
[2026-08-16T12:08:22.320Z] be accompanied by	英文例句未使用目标词条
[2026-08-16T12:08:22.321Z] be accused of	英文例句未使用目标词条
[2026-08-16T12:08:22.321Z] be accustomed to	英文例句未使用目标词条
[2026-08-16T12:08:22.322Z] be adapted to	英文例句未使用目标词条
[2026-08-16T12:08:22.322Z] be addicted to	英文例句未使用目标词条
[2026-08-16T12:08:22.323Z] be adequate for	英文例句未使用目标词条
[2026-08-16T12:08:22.323Z] be admitted into	英文例句未使用目标词条
[2026-08-16T12:08:22.324Z] be admitted to	英文例句未使用目标词条
[2026-08-16T12:08:22.324Z] be advisable to	英文例句未使用目标词条
[2026-08-16T12:10:23.670Z] be afraid	英文例句未使用目标词条
[2026-08-16T12:10:23.671Z] be against	英文例句未使用目标词条
[2026-08-16T12:10:23.671Z] be alienated from	英文例句未使用目标词条
[2026-08-16T12:10:23.672Z] be allergic to	英文例句未使用目标词条
[2026-08-16T12:10:23.673Z] be angry with	英文例句未使用目标词条
[2026-08-16T12:10:23.673Z] be anxious about	英文例句未使用目标词条
[2026-08-16T12:10:23.674Z] be applicable to	英文例句未使用目标词条
[2026-08-16T12:10:23.674Z] be around the corner	英文例句未使用目标词条
[2026-08-16T12:10:23.675Z] be ashamed of	英文例句未使用目标词条
[2026-08-16T12:10:23.675Z] be asleep	英文例句未使用目标词条
[2026-08-16T12:10:34.496Z] be assigned to do	英文例句未使用目标词条
[2026-08-16T12:10:34.497Z] be at fault	英文例句未使用目标词条
[2026-08-16T12:10:34.497Z] be at issue	英文例句未使用目标词条
[2026-08-16T12:10:34.498Z] be at liberty	英文例句未使用目标词条
[2026-08-16T12:10:34.498Z] be at odds	英文例句未使用目标词条
[2026-08-16T12:10:34.499Z] be at odds with	英文例句未使用目标词条
[2026-08-16T12:10:34.500Z] be at one's disposal	英文例句未使用目标词条
[2026-08-16T12:10:34.500Z] be at sea	英文例句未使用目标词条
[2026-08-16T12:10:34.500Z] be at stake	英文例句未使用目标词条
[2026-08-16T12:10:34.501Z] be at the mercy of	英文例句未使用目标词条
[2026-08-16T12:12:36.831Z] be attached to	英文例句未使用目标词条
[2026-08-16T12:12:36.831Z] be attracted to	英文例句未使用目标词条
[2026-08-16T12:12:36.832Z] be attributed to	英文例句未使用目标词条
[2026-08-16T12:12:36.833Z] be authorized to	英文例句未使用目标词条
[2026-08-16T12:12:36.833Z] be available to	英文例句未使用目标词条
[2026-08-16T12:12:36.834Z] be away from	英文例句未使用目标词条
[2026-08-16T12:12:36.834Z] be bad at	英文例句未使用目标词条
[2026-08-16T12:12:36.835Z] be bad for	英文例句未使用目标词条
[2026-08-16T12:12:36.835Z] be based on	英文例句未使用目标词条
[2026-08-16T12:12:36.836Z] be beneficial to	英文例句未使用目标词条
[2026-08-16T12:12:47.805Z] be bent on	英文例句未使用目标词条
[2026-08-16T12:12:47.806Z] be best with	英文例句未使用目标词条
[2026-08-16T12:12:47.807Z] be beyond all question	英文例句未使用目标词条
[2026-08-16T12:12:47.807Z] be beyond belief	英文例句未使用目标词条
[2026-08-16T12:12:47.808Z] be beyond compare	英文例句未使用目标词条
[2026-08-16T12:12:47.809Z] be beyond question	英文例句未使用目标词条
[2026-08-16T12:12:47.809Z] be blamed for	英文例句未使用目标词条
[2026-08-16T12:12:47.809Z] be blessed with	英文例句未使用目标词条
[2026-08-16T12:12:47.810Z] be blind to	英文例句未使用目标词条
[2026-08-16T12:12:47.810Z] be bored with	英文例句未使用目标词条
[2026-08-16T12:14:45.290Z] be born in	英文例句未使用目标词条
[2026-08-16T12:14:45.290Z] be born into	英文例句未使用目标词条
[2026-08-16T12:14:45.291Z] be born with	英文例句未使用目标词条
[2026-08-16T12:14:45.292Z] be bound for	英文例句未使用目标词条
[2026-08-16T12:14:45.292Z] be bound to	英文例句未使用目标词条
[2026-08-16T12:14:45.293Z] be bound up in	英文例句未使用目标词条
[2026-08-16T12:14:45.293Z] be broken beyond repair	英文例句未使用目标词条
[2026-08-16T12:14:45.294Z] be capable of	英文例句未使用目标词条
[2026-08-16T12:14:45.294Z] be caught in	英文例句未使用目标词条
[2026-08-16T12:14:45.295Z] be caught up in	英文例句未使用目标词条
[2026-08-16T12:14:55.922Z] be certain of	英文例句未使用目标词条
[2026-08-16T12:14:55.923Z] be characterized by	英文例句未使用目标词条
[2026-08-16T12:14:55.923Z] be close to	英文例句未使用目标词条
[2026-08-16T12:14:55.923Z] be closely linked to	英文例句未使用目标词条
[2026-08-16T12:14:55.924Z] be comparable to	英文例句未使用目标词条
[2026-08-16T12:14:55.924Z] be comparable with	英文例句未使用目标词条
[2026-08-16T12:14:55.925Z] be concerned about	英文例句未使用目标词条
[2026-08-16T12:14:55.926Z] be concerned with	英文例句未使用目标词条
[2026-08-16T12:14:55.926Z] be confined to	英文例句未使用目标词条
[2026-08-16T12:14:55.927Z] be confronted with	英文例句未使用目标词条
[2026-08-16T12:16:53.988Z] be confused about	英文例句未使用目标词条
[2026-08-16T12:16:53.988Z] be considered as	英文例句未使用目标词条
[2026-08-16T12:16:53.989Z] be content with	英文例句未使用目标词条
[2026-08-16T12:16:53.989Z] be contrary to	英文例句未使用目标词条
[2026-08-16T12:16:53.990Z] be covered with	英文例句未使用目标词条
[2026-08-16T12:16:53.991Z] be crazy about	英文例句未使用目标词条
[2026-08-16T12:16:53.991Z] be critical of	英文例句未使用目标词条
[2026-08-16T12:16:53.992Z] be crowded with	英文例句未使用目标词条
[2026-08-16T12:16:53.992Z] be curious about	英文例句未使用目标词条
[2026-08-16T12:16:53.993Z] be curious to	英文例句未使用目标词条
[2026-08-16T12:17:04.805Z] be cut out for	英文例句未使用目标词条
[2026-08-16T12:17:04.806Z] be decorated with	英文例句未使用目标词条
[2026-08-16T12:17:04.806Z] be deficient in	英文例句未使用目标词条
[2026-08-16T12:17:04.807Z] be delighted to	英文例句未使用目标词条
[2026-08-16T12:17:04.807Z] be dependent on	英文例句未使用目标词条
[2026-08-16T12:17:04.808Z] be dependent upon	英文例句未使用目标词条
[2026-08-16T12:17:04.808Z] be depleted of	英文例句未使用目标词条
[2026-08-16T12:17:04.809Z] be designed to	英文例句未使用目标词条
[2026-08-16T12:17:04.810Z] be devoted to	英文例句未使用目标词条
[2026-08-16T12:17:04.810Z] be dissatisfied with	英文例句未使用目标词条
[2026-08-16T12:19:00.117Z] be distracted by	英文例句未使用目标词条
[2026-08-16T12:19:00.118Z] be doomed to	英文例句未使用目标词条
[2026-08-16T12:19:00.119Z] be dotted with	英文例句未使用目标词条
[2026-08-16T12:19:00.119Z] be doubtful about	英文例句未使用目标词条
[2026-08-16T12:19:00.119Z] be drafted into	英文例句未使用目标词条
[2026-08-16T12:19:00.120Z] be dressed in	英文例句未使用目标词条
[2026-08-16T12:19:00.120Z] be dying for	英文例句未使用目标词条
[2026-08-16T12:19:00.121Z] be dying to	英文例句未使用目标词条
[2026-08-16T12:19:00.121Z] be eager to	英文例句未使用目标词条
[2026-08-16T12:19:10.546Z] be embossed with	英文例句未使用目标词条
[2026-08-16T12:19:10.547Z] be engaged in	英文例句未使用目标词条
[2026-08-16T12:19:10.547Z] be engaged to	英文例句未使用目标词条
[2026-08-16T12:19:10.548Z] be enthusiastic about	英文例句未使用目标词条
[2026-08-16T12:19:10.548Z] be entitled to do	英文例句未使用目标词条
[2026-08-16T12:19:10.549Z] be envious of	英文例句未使用目标词条
[2026-08-16T12:19:10.549Z] be equipped with	英文例句未使用目标词条
[2026-08-16T12:19:10.550Z] be equivalent to	英文例句未使用目标词条
[2026-08-16T12:19:10.550Z] be essential for	英文例句未使用目标词条
[2026-08-16T12:19:10.551Z] be essential to	英文例句未使用目标词条
[2026-08-16T12:21:07.862Z] be exclusive of	英文例句未使用目标词条
[2026-08-16T12:21:07.863Z] be expected to	英文例句未使用目标词条
[2026-08-16T12:21:07.863Z] be expelled from	英文例句未使用目标词条
[2026-08-16T12:21:07.863Z] be experienced in	英文例句未使用目标词条
[2026-08-16T12:21:07.864Z] be familiar to	英文例句未使用目标词条
[2026-08-16T12:21:07.864Z] be familiar with	英文例句未使用目标词条
[2026-08-16T12:21:07.865Z] be famous as	英文例句未使用目标词条
[2026-08-16T12:21:07.865Z] be famous for	英文例句未使用目标词条
[2026-08-16T12:21:07.866Z] be far from	英文例句未使用目标词条
[2026-08-16T12:21:07.866Z] be fascinated by	英文例句未使用目标词条
[2026-08-16T12:21:18.758Z] be fed up with	英文例句未使用目标词条
[2026-08-16T12:21:18.759Z] be filled with	英文例句未使用目标词条
[2026-08-16T12:21:18.760Z] be filled with remorse	英文例句未使用目标词条
[2026-08-16T12:21:18.761Z] be fit for	英文例句未使用目标词条
[2026-08-16T12:21:18.761Z] be fit to	英文例句未使用目标词条
[2026-08-16T12:21:18.762Z] be flexible in	英文例句未使用目标词条
[2026-08-16T12:21:18.762Z] be flooded with	英文例句未使用目标词条
[2026-08-16T12:21:18.763Z] be fond of	英文例句未使用目标词条
[2026-08-16T12:21:18.763Z] be free from	英文例句未使用目标词条
[2026-08-16T12:21:18.763Z] be free of	英文例句未使用目标词条
[2026-08-16T12:23:18.459Z] be free with	英文例句未使用目标词条
[2026-08-16T12:23:18.460Z] be friendly to	英文例句未使用目标词条
[2026-08-16T12:23:18.461Z] be full of remorse	英文例句未使用目标词条
[2026-08-16T12:23:18.461Z] be furnished with	英文例句未使用目标词条
[2026-08-16T12:23:18.462Z] be fussy about	英文例句未使用目标词条
[2026-08-16T12:23:18.462Z] be given over to	英文例句未使用目标词条
[2026-08-16T12:23:18.463Z] be going to do	英文例句未使用目标词条
[2026-08-16T12:23:18.463Z] be good at	英文例句未使用目标词条
[2026-08-16T12:23:18.464Z] be good with	英文例句未使用目标词条
[2026-08-16T12:23:18.464Z] be happy with	英文例句未使用目标词条
[2026-08-16T12:23:28.935Z] be hard on	英文例句未使用目标词条
[2026-08-16T12:23:28.936Z] be head and shoulders above	英文例句未使用目标词条
[2026-08-16T12:23:28.936Z] be home to	英文例句未使用目标词条
[2026-08-16T12:23:28.937Z] be honored for	英文例句未使用目标词条
[2026-08-16T12:23:28.938Z] be ideal for	英文例句未使用目标词条
[2026-08-16T12:23:28.938Z] be identical to	英文例句未使用目标词条
[2026-08-16T12:23:28.939Z] be identical with	英文例句未使用目标词条
[2026-08-16T12:23:28.940Z] be ill in bed	英文例句未使用目标词条
[2026-08-16T12:23:28.940Z] be impatient with	英文例句未使用目标词条
[2026-08-16T12:23:28.940Z] be implicit in	英文例句未使用目标词条
[2026-08-16T12:25:28.780Z] be impressed by	英文例句未使用目标词条
[2026-08-16T12:25:28.781Z] be impressed with	英文例句未使用目标词条
[2026-08-16T12:25:28.782Z] be in	英文例句未使用目标词条
[2026-08-16T12:25:28.783Z] be in agreement	英文例句未使用目标词条
[2026-08-16T12:25:28.784Z] be in blossom	英文例句未使用目标词条
[2026-08-16T12:25:28.785Z] be in charge	英文例句未使用目标词条
[2026-08-16T12:25:28.785Z] be in charge of	英文例句未使用目标词条
[2026-08-16T12:25:28.786Z] be in cooperation with	英文例句未使用目标词条
[2026-08-16T12:25:28.787Z] be in danger	英文例句未使用目标词条
[2026-08-16T12:25:28.788Z] be in danger of	英文例句未使用目标词条
[2026-08-16T12:25:40.076Z] be in demand	英文例句未使用目标词条
[2026-08-16T12:25:40.077Z] be in dispute	英文例句未使用目标词条
[2026-08-16T12:25:40.078Z] be in doubt	英文例句未使用目标词条
[2026-08-16T12:25:40.078Z] be in embryo	英文例句未使用目标词条
[2026-08-16T12:25:40.079Z] be in full swing	英文例句未使用目标词条
[2026-08-16T12:25:40.079Z] be in good form	英文例句未使用目标词条
[2026-08-16T12:25:40.080Z] be in good health	英文例句未使用目标词条
[2026-08-16T12:25:40.080Z] be in good shape	英文例句未使用目标词条
[2026-08-16T12:25:40.081Z] be in hospital	英文例句未使用目标词条
[2026-08-16T12:25:40.081Z] be in one ear and out the other	英文例句未使用目标词条
[2026-08-16T12:27:40.340Z] be in one's shoes	英文例句未使用目标词条
[2026-08-16T12:27:40.341Z] be in one's way	英文例句未使用目标词条
[2026-08-16T12:27:40.341Z] be in opposition	英文例句未使用目标词条
[2026-08-16T12:27:40.342Z] be in opposition to	英文例句未使用目标词条
[2026-08-16T12:27:40.342Z] be in place	英文例句未使用目标词条
[2026-08-16T12:27:40.343Z] be in shape	英文例句未使用目标词条
[2026-08-16T12:27:40.343Z] be in sight	英文例句未使用目标词条
[2026-08-16T12:27:40.344Z] be in the air	英文例句未使用目标词条
[2026-08-16T12:27:40.344Z] be in the balance	英文例句未使用目标词条
[2026-08-16T12:27:40.345Z] be in the dark	英文例句未使用目标词条
[2026-08-16T12:27:51.638Z] be in the mood	英文例句未使用目标词条
[2026-08-16T12:27:51.639Z] be in the saddle	英文例句未使用目标词条
[2026-08-16T12:27:51.639Z] be in the way	英文例句未使用目标词条
[2026-08-16T12:27:51.640Z] be in the wrong	英文例句未使用目标词条
[2026-08-16T12:27:51.641Z] be in use	英文例句未使用目标词条
[2026-08-16T12:27:51.641Z] be incapacitated with	英文例句未使用目标词条
[2026-08-16T12:27:51.642Z] be inclined to	英文例句未使用目标词条
[2026-08-16T12:27:51.642Z] be incompatible with	英文例句未使用目标词条
[2026-08-16T12:27:51.643Z] be indicative of	英文例句未使用目标词条
[2026-08-16T12:27:51.643Z] be indispensable for	英文例句未使用目标词条
[2026-08-16T12:29:42.521Z] be indispensable to	英文例句未使用目标词条
[2026-08-16T12:29:42.521Z] be inferior to	英文例句未使用目标词条
[2026-08-16T12:29:42.522Z] be innocent of	英文例句未使用目标词条
[2026-08-16T12:29:42.522Z] be instrumental in	英文例句未使用目标词条
[2026-08-16T12:29:42.523Z] be intent on	英文例句未使用目标词条
[2026-08-16T12:29:42.524Z] be involved in	英文例句未使用目标词条
[2026-08-16T12:29:42.525Z] be irrespective of	英文例句未使用目标词条
[2026-08-16T12:29:42.525Z] be isolated from	英文例句未使用目标词条
[2026-08-16T12:29:52.721Z] be keen about	英文例句未使用目标词条
[2026-08-16T12:29:52.722Z] be keen on	英文例句未使用目标词条
[2026-08-16T12:29:52.722Z] be kidding	英文例句未使用目标词条
[2026-08-16T12:29:52.723Z] be known as	英文例句未使用目标词条
[2026-08-16T12:29:52.723Z] be known for	英文例句未使用目标词条
[2026-08-16T12:29:52.724Z] be late for	英文例句未使用目标词条
[2026-08-16T12:29:52.724Z] be liable for	英文例句未使用目标词条
[2026-08-16T12:29:52.725Z] be liable to	英文例句未使用目标词条
[2026-08-16T12:29:52.725Z] be likely to	英文例句未使用目标词条
[2026-08-16T12:31:50.556Z] be likely to do	英文例句未使用目标词条
[2026-08-16T12:31:50.557Z] be limited to	英文例句未使用目标词条
[2026-08-16T12:31:50.557Z] be linked to	英文例句未使用目标词条
[2026-08-16T12:31:50.558Z] be located at	英文例句未使用目标词条
[2026-08-16T12:31:50.558Z] be located in	英文例句未使用目标词条
[2026-08-16T12:31:50.559Z] be located on	英文例句未使用目标词条
[2026-08-16T12:31:50.559Z] be lost in	英文例句未使用目标词条
[2026-08-16T12:31:50.560Z] be loyal to	英文例句未使用目标词条
[2026-08-16T12:31:50.560Z] be mad about	英文例句未使用目标词条
[2026-08-16T12:31:50.561Z] be mad at	英文例句未使用目标词条
[2026-08-16T12:32:01.330Z] be made from	英文例句未使用目标词条
[2026-08-16T12:32:01.331Z] be made in	英文例句未使用目标词条
[2026-08-16T12:32:01.331Z] be made into	英文例句未使用目标词条
[2026-08-16T12:32:01.332Z] be made out of	英文例句未使用目标词条
[2026-08-16T12:32:01.332Z] be made up of	英文例句未使用目标词条
[2026-08-16T12:32:01.332Z] be married to	英文例句未使用目标词条
[2026-08-16T12:32:01.333Z] be meant to	英文例句未使用目标词条
[2026-08-16T12:32:01.333Z] be motivated to do	英文例句未使用目标词条
[2026-08-16T12:32:01.334Z] be moved by	英文例句未使用目标词条
[2026-08-16T12:32:01.334Z] be nervous about	英文例句未使用目标词条
[2026-08-16T12:34:01.709Z] be nervous of	英文例句未使用目标词条
[2026-08-16T12:34:01.709Z] be not in the mood	英文例句未使用目标词条
[2026-08-16T12:34:01.710Z] be notorious for	英文例句未使用目标词条
[2026-08-16T12:34:01.711Z] be obsessed with	英文例句未使用目标词条
[2026-08-16T12:34:01.711Z] be occupied with	英文例句未使用目标词条
[2026-08-16T12:34:01.712Z] be off	英文例句未使用目标词条
[2026-08-16T12:34:01.712Z] be off guard	英文例句未使用目标词条
[2026-08-16T12:34:01.713Z] be off one's guard	英文例句未使用目标词条
[2026-08-16T12:34:01.713Z] be off the track	英文例句未使用目标词条
[2026-08-16T12:34:01.713Z] be on	英文例句未使用目标词条
[2026-08-16T12:34:13.001Z] be on a diet	英文例句未使用目标词条
[2026-08-16T12:34:13.001Z] be on medication	英文例句未使用目标词条
[2026-08-16T12:34:13.002Z] be on one's guard	英文例句未使用目标词条
[2026-08-16T12:34:13.002Z] be on sale	英文例句未使用目标词条
[2026-08-16T12:34:13.003Z] be on speaking terms	英文例句未使用目标词条
[2026-08-16T12:34:13.004Z] be on the increase	英文例句未使用目标词条
[2026-08-16T12:34:13.004Z] be on the job	英文例句未使用目标词条
[2026-08-16T12:34:13.005Z] be on the point of	英文例句未使用目标词条
[2026-08-16T12:34:13.005Z] be open to	英文例句未使用目标词条
[2026-08-16T12:34:13.006Z] be opposed to	英文例句未使用目标词条
[2026-08-16T12:36:14.681Z] be optimistic about	英文例句未使用目标词条
[2026-08-16T12:36:14.682Z] be out of action	英文例句未使用目标词条
[2026-08-16T12:36:14.683Z] be out of breath	英文例句未使用目标词条
[2026-08-16T12:36:14.683Z] be out of condition	英文例句未使用目标词条
[2026-08-16T12:36:14.683Z] be out of control	英文例句未使用目标词条
[2026-08-16T12:36:14.684Z] be out of date	英文例句未使用目标词条
[2026-08-16T12:36:14.684Z] be out of focus	英文例句未使用目标词条
[2026-08-16T12:36:14.685Z] be out of print	英文例句未使用目标词条
[2026-08-16T12:36:14.685Z] be out of sight	英文例句未使用目标词条
[2026-08-16T12:36:14.686Z] be out of stock	英文例句未使用目标词条
[2026-08-16T12:36:26.105Z] be out of temper	英文例句未使用目标词条
[2026-08-16T12:36:26.106Z] be out of touch	英文例句未使用目标词条
[2026-08-16T12:36:26.106Z] be out of work	英文例句未使用目标词条
[2026-08-16T12:36:26.106Z] be packed with	英文例句未使用目标词条
[2026-08-16T12:36:26.107Z] be parallel to	英文例句未使用目标词条
[2026-08-16T12:36:26.107Z] be partial to	英文例句未使用目标词条
[2026-08-16T12:36:26.108Z] be particular about	英文例句未使用目标词条
[2026-08-16T12:36:26.108Z] be patient with	英文例句未使用目标词条
[2026-08-16T12:36:26.109Z] be pleased at	英文例句未使用目标词条
[2026-08-16T12:36:26.109Z] be pleased with	英文例句未使用目标词条
[2026-08-16T12:38:22.610Z] be poor in	英文例句未使用目标词条
[2026-08-16T12:38:22.610Z] be popular among	英文例句未使用目标词条
[2026-08-16T12:38:22.611Z] be popular with	英文例句未使用目标词条
[2026-08-16T12:38:22.612Z] be prepared to do	英文例句未使用目标词条
[2026-08-16T12:38:22.612Z] be prone to	英文例句未使用目标词条
[2026-08-16T12:38:22.612Z] be proud about	英文例句未使用目标词条
[2026-08-16T12:38:22.613Z] be proud to	英文例句未使用目标词条
[2026-08-16T12:38:22.613Z] be pumped out	英文例句未使用目标词条
[2026-08-16T12:38:22.614Z] be puzzled by	英文例句未使用目标词条
[2026-08-16T12:38:33.445Z] be ready for	英文例句未使用目标词条
[2026-08-16T12:38:33.446Z] be related to	英文例句未使用目标词条
[2026-08-16T12:38:33.447Z] be relative to	英文例句未使用目标词条
[2026-08-16T12:38:33.447Z] be relevant to	英文例句未使用目标词条
[2026-08-16T12:38:33.447Z] be relieved to	英文例句未使用目标词条
[2026-08-16T12:38:33.448Z] be reluctant to	英文例句未使用目标词条
[2026-08-16T12:38:33.449Z] be remarkable for	英文例句未使用目标词条
[2026-08-16T12:38:33.449Z] be responsible for	英文例句未使用目标词条
[2026-08-16T12:38:33.449Z] be responsible to	英文例句未使用目标词条
[2026-08-16T12:38:33.450Z] be restricted to	英文例句未使用目标词条
[2026-08-16T12:40:27.884Z] be rich in	英文例句未使用目标词条
[2026-08-16T12:40:27.884Z] be sad for	英文例句未使用目标词条
[2026-08-16T12:40:27.885Z] be satisfied with	英文例句未使用目标词条
[2026-08-16T12:40:27.886Z] be scanned into digital files	英文例句未使用目标词条
[2026-08-16T12:40:27.886Z] be scared of	英文例句未使用目标词条
[2026-08-16T12:40:27.887Z] be scared to death	英文例句未使用目标词条
[2026-08-16T12:40:27.888Z] be scheduled for	英文例句未使用目标词条
[2026-08-16T12:40:27.888Z] be secure from	英文例句未使用目标词条
[2026-08-16T12:40:27.889Z] be sensitive to	英文例句未使用目标词条
[2026-08-16T12:40:39.068Z] be sentenced to death	英文例句未使用目标词条
[2026-08-16T12:40:39.069Z] be serious about	英文例句未使用目标词条
[2026-08-16T12:40:39.069Z] be shocked to do	英文例句未使用目标词条
[2026-08-16T12:40:39.070Z] be short for	英文例句未使用目标词条
[2026-08-16T12:40:39.070Z] be short of	英文例句未使用目标词条
[2026-08-16T12:40:39.071Z] be shouted at	英文例句未使用目标词条
[2026-08-16T12:40:39.071Z] be sick of	英文例句未使用目标词条
[2026-08-16T12:40:39.072Z] be sick with	英文例句未使用目标词条
[2026-08-16T12:40:39.072Z] be similar	英文例句未使用目标词条
[2026-08-16T12:40:39.073Z] be similar to	英文例句未使用目标词条
[2026-08-16T12:42:40.451Z] be skeptical about	英文例句未使用目标词条
[2026-08-16T12:42:40.451Z] be sorry for	英文例句未使用目标词条
[2026-08-16T12:42:40.452Z] be strange to	英文例句未使用目标词条
[2026-08-16T12:42:40.453Z] be stressed out	英文例句未使用目标词条
[2026-08-16T12:42:40.453Z] be strict in	英文例句未使用目标词条
[2026-08-16T12:42:40.453Z] be strict with	英文例句未使用目标词条
[2026-08-16T12:42:40.454Z] be stuck	英文例句未使用目标词条
[2026-08-16T12:42:40.454Z] be stuck in	英文例句未使用目标词条
[2026-08-16T12:42:40.455Z] be stuck on	英文例句未使用目标词条
[2026-08-16T12:42:40.455Z] be stuck with	英文例句未使用目标词条
[2026-08-16T12:42:51.520Z] be suitable for	英文例句未使用目标词条
[2026-08-16T12:42:51.521Z] be suited to	英文例句未使用目标词条
[2026-08-16T12:42:51.522Z] be superior to	英文例句未使用目标词条
[2026-08-16T12:42:51.522Z] be supposed to	英文例句未使用目标词条
[2026-08-16T12:42:51.523Z] be supposed to do	英文例句未使用目标词条
[2026-08-16T12:42:51.523Z] be sure about	英文例句未使用目标词条
[2026-08-16T12:42:51.524Z] be sure of	英文例句未使用目标词条
[2026-08-16T12:42:51.525Z] be sure to	英文例句未使用目标词条
[2026-08-16T12:42:51.525Z] be surprised at	英文例句未使用目标词条
[2026-08-16T12:42:51.526Z] be surprised to	英文例句未使用目标词条
[2026-08-16T12:44:50.498Z] be susceptible to	英文例句未使用目标词条
[2026-08-16T12:44:50.499Z] be suspicious of	英文例句未使用目标词条
[2026-08-16T12:44:50.499Z] be swamped with	英文例句未使用目标词条
[2026-08-16T12:44:50.500Z] be sympathetic to	英文例句未使用目标词条
[2026-08-16T12:44:50.501Z] be taken aback	英文例句未使用目标词条
[2026-08-16T12:44:50.501Z] be taken to court	英文例句未使用目标词条
[2026-08-16T12:44:50.502Z] be talented in	英文例句未使用目标词条
[2026-08-16T12:44:50.503Z] be teeming with	英文例句未使用目标词条
[2026-08-16T12:44:50.503Z] be terrified of	英文例句未使用目标词条
[2026-08-16T12:44:50.504Z] be through	英文例句未使用目标词条
[2026-08-16T12:45:01.349Z] be through with	英文例句未使用目标词条
[2026-08-16T12:45:01.350Z] be tired from	英文例句未使用目标词条
[2026-08-16T12:45:01.350Z] be tired of	英文例句未使用目标词条
[2026-08-16T12:45:01.351Z] be tired out	英文例句未使用目标词条
[2026-08-16T12:45:01.351Z] be to blame	英文例句未使用目标词条
[2026-08-16T12:45:01.351Z] be told to do	英文例句未使用目标词条
[2026-08-16T12:45:01.352Z] be true of	英文例句未使用目标词条
[2026-08-16T12:45:01.352Z] be unaware of	英文例句未使用目标词条
[2026-08-16T12:45:01.353Z] be under control	英文例句未使用目标词条
[2026-08-16T12:45:01.353Z] be under way	英文例句未使用目标词条
[2026-08-16T12:46:59.350Z] be unfamiliar to	英文例句未使用目标词条
[2026-08-16T12:46:59.350Z] be unfamiliar with	英文例句未使用目标词条
[2026-08-16T12:46:59.351Z] be unique to	英文例句未使用目标词条
[2026-08-16T12:46:59.351Z] be unwilling to do	英文例句未使用目标词条
[2026-08-16T12:46:59.352Z] be up to	英文例句未使用目标词条
[2026-08-16T12:46:59.352Z] be up to date	英文例句未使用目标词条
[2026-08-16T12:46:59.352Z] be up to the minute	英文例句未使用目标词条
[2026-08-16T12:46:59.353Z] be used for	英文例句未使用目标词条
[2026-08-16T12:46:59.353Z] be used to	英文例句未使用目标词条
[2026-08-16T12:46:59.354Z] be used to do	英文例句未使用目标词条
[2026-08-16T12:47:09.762Z] be used to doing	英文例句未使用目标词条
[2026-08-16T12:47:09.763Z] be vital to	英文例句未使用目标词条
[2026-08-16T12:47:09.764Z] be weary of	英文例句未使用目标词条
[2026-08-16T12:47:09.765Z] be well off	英文例句未使用目标词条
[2026-08-16T12:47:09.765Z] be willing to	英文例句未使用目标词条
[2026-08-16T12:47:09.766Z] be without compare	英文例句未使用目标词条
[2026-08-16T12:47:09.766Z] be worn out	英文例句未使用目标词条
[2026-08-16T12:47:09.767Z] be worried about	英文例句未使用目标词条
[2026-08-16T12:47:09.767Z] be worth doing	英文例句未使用目标词条
[2026-08-16T12:47:09.767Z] be worthy of	英文例句未使用目标词条
[2026-08-16T12:49:08.541Z] be worthy to	英文例句未使用目标词条
[2026-08-16T12:49:08.542Z] belong to	英文例句未使用目标词条
[2026-08-16T12:49:08.543Z] benefit by	英文例句未使用目标词条
[2026-08-16T12:49:08.543Z] beyond one's control	英文例句未使用目标词条
[2026-08-16T12:49:08.544Z] blow away	英文例句未使用目标词条
[2026-08-16T12:49:08.544Z] blow up	英文例句未使用目标词条
[2026-08-16T12:49:08.545Z] boast about	英文例句未使用目标词条
[2026-08-16T12:49:08.546Z] boast of	英文例句未使用目标词条
[2026-08-16T12:49:08.546Z] break in	英文例句未使用目标词条
[2026-08-16T12:49:08.547Z] break into	英文例句未使用目标词条
[2026-08-16T12:49:19.386Z] break into pieces	英文例句未使用目标词条
[2026-08-16T12:49:19.386Z] break off	英文例句未使用目标词条
[2026-08-16T12:49:19.387Z] break one's heart	英文例句未使用目标词条
[2026-08-16T12:49:19.388Z] break one's promise	英文例句未使用目标词条
[2026-08-16T12:49:19.388Z] break out	英文例句未使用目标词条
[2026-08-16T12:49:19.389Z] break out into	英文例句未使用目标词条
[2026-08-16T12:49:19.389Z] break records	英文例句未使用目标词条
[2026-08-16T12:49:19.390Z] break the record	英文例句未使用目标词条
[2026-08-16T12:49:19.391Z] break through	英文例句未使用目标词条
[2026-08-16T12:49:19.391Z] break up	英文例句未使用目标词条
[2026-08-16T12:51:12.116Z] bring an end to	英文例句未使用目标词条
[2026-08-16T12:51:12.117Z] bring down	英文例句未使用目标词条
[2026-08-16T12:51:12.117Z] bring home the bacon	英文例句未使用目标词条
[2026-08-16T12:51:12.117Z] bring in	英文例句未使用目标词条
[2026-08-16T12:51:12.118Z] bring off	英文例句未使用目标词条
[2026-08-16T12:51:12.118Z] bring out	英文例句未使用目标词条
[2026-08-16T12:51:12.119Z] bring through	英文例句未使用目标词条
[2026-08-16T12:51:12.119Z] bring to justice	英文例句未使用目标词条
[2026-08-16T12:51:12.120Z] bring up	英文例句未使用目标词条
[2026-08-16T12:51:21.854Z] brood on	英文例句未使用目标词条
[2026-08-16T12:51:21.855Z] brush aside	英文例句未使用目标词条
[2026-08-16T12:51:21.855Z] brush off	英文例句未使用目标词条
[2026-08-16T12:51:21.856Z] brush up lessons	英文例句未使用目标词条
[2026-08-16T12:51:21.856Z] buck for	英文例句未使用目标词条
[2026-08-16T12:51:21.857Z] build on	英文例句未使用目标词条
[2026-08-16T12:51:21.857Z] build up one's confidence	英文例句未使用目标词条
[2026-08-16T12:51:21.858Z] bump against	英文例句未使用目标词条
[2026-08-16T12:51:21.858Z] bump into	英文例句未使用目标词条
[2026-08-16T12:53:18.569Z] burn one's bridges	英文例句未使用目标词条
[2026-08-16T12:53:18.570Z] burn to death	英文例句未使用目标词条
[2026-08-16T12:53:18.570Z] buzz about	英文例句未使用目标词条
[2026-08-16T12:53:18.570Z] buzz around	英文例句未使用目标词条
[2026-08-16T12:53:18.571Z] by turns	英文例句未使用目标词条
[2026-08-16T12:53:18.571Z] call about	英文例句未使用目标词条
[2026-08-16T12:53:18.572Z] call in	英文例句未使用目标词条
[2026-08-16T12:53:18.572Z] call on	英文例句未使用目标词条
[2026-08-16T12:53:29.589Z] call out	英文例句未使用目标词条
[2026-08-16T12:53:29.590Z] call up	英文例句未使用目标词条
[2026-08-16T12:53:29.591Z] can't help doing	英文例句未使用目标词条
[2026-08-16T12:53:29.591Z] cannot help doing	英文例句未使用目标词条
[2026-08-16T12:53:29.592Z] carry away	英文例句未使用目标词条
[2026-08-16T12:53:29.592Z] carry off	英文例句未使用目标词条
[2026-08-16T12:53:29.593Z] carve out	英文例句未使用目标词条
[2026-08-16T12:53:29.594Z] catch	英文例句未使用目标词条
[2026-08-16T12:53:29.594Z] catch a cold	英文例句未使用目标词条
[2026-08-16T12:53:29.595Z] catch a glimpse of	英文例句未使用目标词条
[2026-08-16T12:55:29.186Z] catch cold	英文例句未使用目标词条
[2026-08-16T12:55:29.187Z] catch fire	英文例句未使用目标词条
[2026-08-16T12:55:29.188Z] catch hold of	英文例句未使用目标词条
[2026-08-16T12:55:29.188Z] catch on	英文例句未使用目标词条
[2026-08-16T12:55:29.189Z] catch one's breath	英文例句未使用目标词条
[2026-08-16T12:55:29.189Z] catch one's eye	英文例句未使用目标词条
[2026-08-16T12:55:29.190Z] catch sight of	英文例句未使用目标词条
[2026-08-16T12:55:29.190Z] change one's mind	英文例句未使用目标词条
[2026-08-16T12:55:29.191Z] chase up	英文例句未使用目标词条
[2026-08-16T12:55:29.191Z] check out	英文例句未使用目标词条
[2026-08-16T12:55:39.167Z] chronical	英文例句未使用目标词条
[2026-08-16T12:55:39.168Z] clear away	英文例句未使用目标词条
[2026-08-16T12:55:39.168Z] clear up	英文例句未使用目标词条
[2026-08-16T12:55:39.169Z] come about	英文例句未使用目标词条
[2026-08-16T12:55:39.169Z] come across	英文例句未使用目标词条
[2026-08-16T12:55:39.169Z] come after	英文例句未使用目标词条
[2026-08-16T12:55:39.170Z] come apart	英文例句未使用目标词条
[2026-08-16T12:55:39.170Z] come around	英文例句未使用目标词条
[2026-08-16T12:55:39.171Z] come at	英文例句未使用目标词条
[2026-08-16T12:57:39.371Z] come away from	英文例句未使用目标词条
[2026-08-16T12:57:39.371Z] come back	英文例句未使用目标词条
[2026-08-16T12:57:39.372Z] come between	英文例句未使用目标词条
[2026-08-16T12:57:39.372Z] come by	英文例句未使用目标词条
[2026-08-16T12:57:39.373Z] come down	英文例句未使用目标词条
[2026-08-16T12:57:39.373Z] come down to	英文例句未使用目标词条
[2026-08-16T12:57:39.374Z] come down with	英文例句未使用目标词条
[2026-08-16T12:57:39.374Z] come from	英文例句未使用目标词条
[2026-08-16T12:57:39.375Z] come in	英文例句未使用目标词条
[2026-08-16T12:57:39.375Z] come in contact with	英文例句未使用目标词条
[2026-08-16T12:57:50.096Z] come in for	英文例句未使用目标词条
[2026-08-16T12:57:50.097Z] come into being	英文例句未使用目标词条
[2026-08-16T12:57:50.097Z] come into existence	英文例句未使用目标词条
[2026-08-16T12:57:50.098Z] come into view	英文例句未使用目标词条
[2026-08-16T12:57:50.098Z] come off	英文例句未使用目标词条
[2026-08-16T12:57:50.099Z] come on	英文例句未使用目标词条
[2026-08-16T12:57:50.099Z] come on to	英文例句未使用目标词条
[2026-08-16T12:57:50.100Z] come out on top	英文例句未使用目标词条
[2026-08-16T12:57:50.100Z] come out with	英文例句未使用目标词条
[2026-08-16T12:57:50.101Z] come over	英文例句未使用目标词条
[2026-08-16T12:59:49.504Z] come round	英文例句未使用目标词条
[2026-08-16T12:59:49.505Z] come through	英文例句未使用目标词条
[2026-08-16T12:59:49.505Z] come to	英文例句未使用目标词条
[2026-08-16T12:59:49.506Z] come to an end	英文例句未使用目标词条
[2026-08-16T12:59:49.506Z] come to blows	英文例句未使用目标词条
[2026-08-16T12:59:49.507Z] come to know	英文例句未使用目标词条
[2026-08-16T12:59:49.507Z] come to life	英文例句未使用目标词条
[2026-08-16T12:59:49.508Z] come to nothing	英文例句未使用目标词条
[2026-08-16T12:59:49.508Z] come to one's senses	英文例句未使用目标词条
[2026-08-16T12:59:49.509Z] come to oneself	英文例句未使用目标词条
[2026-08-16T12:59:59.745Z] come to terms	英文例句未使用目标词条
[2026-08-16T12:59:59.746Z] come to the fore	英文例句未使用目标词条
[2026-08-16T12:59:59.746Z] come up	英文例句未使用目标词条
[2026-08-16T12:59:59.747Z] come up against	英文例句未使用目标词条
[2026-08-16T12:59:59.747Z] come up with	英文例句未使用目标词条
[2026-08-16T12:59:59.748Z] commit to	英文例句未使用目标词条
[2026-08-16T12:59:59.748Z] compare with	英文例句未使用目标词条
[2026-08-16T12:59:59.748Z] complain about	英文例句未使用目标词条
[2026-08-16T12:59:59.749Z] complain of	英文例句未使用目标词条
[2026-08-16T13:01:56.698Z] complain to	英文例句未使用目标词条
[2026-08-16T13:01:56.699Z] concern with	英文例句未使用目标词条
[2026-08-16T13:01:56.699Z] confer on	英文例句未使用目标词条
[2026-08-16T13:01:56.700Z] confess to	英文例句未使用目标词条
[2026-08-16T13:01:56.700Z] confide in	英文例句未使用目标词条
[2026-08-16T13:01:56.701Z] confine oneself to doing	英文例句未使用目标词条
[2026-08-16T13:01:56.701Z] conflict with	英文例句未使用目标词条
[2026-08-16T13:01:56.702Z] congratulate on	英文例句未使用目标词条
[2026-08-16T13:01:56.702Z] congratulate upon	英文例句未使用目标词条
[2026-08-16T13:01:56.703Z] consider as	英文例句未使用目标词条
[2026-08-16T13:02:05.446Z] consist in	英文例句未使用目标词条
[2026-08-16T13:02:05.446Z] consist of	英文例句未使用目标词条
[2026-08-16T13:02:05.447Z] consume with	英文例句未使用目标词条
[2026-08-16T13:02:05.447Z] contribute to	英文例句未使用目标词条
[2026-08-16T13:02:05.448Z] convert to	英文例句未使用目标词条
[2026-08-16T13:02:05.449Z] couldn't help doing	英文例句未使用目标词条
[2026-08-16T13:02:05.449Z] count in	英文例句未使用目标词条
[2026-08-16T13:02:05.450Z] count up	英文例句未使用目标词条
[2026-08-16T13:04:07.082Z] cover an area of	英文例句未使用目标词条
[2026-08-16T13:04:07.083Z] crack down	英文例句未使用目标词条
[2026-08-16T13:04:07.084Z] crack up	英文例句未使用目标词条
[2026-08-16T13:04:07.084Z] crash down	英文例句未使用目标词条
[2026-08-16T13:04:07.084Z] crash into	英文例句未使用目标词条
[2026-08-16T13:04:07.085Z] cross-examine	英文例句未使用目标词条
[2026-08-16T13:04:07.085Z] cry out	英文例句未使用目标词条
[2026-08-16T13:04:07.086Z] cry out for	英文例句未使用目标词条
[2026-08-16T13:04:07.086Z] curd	英文例句未使用目标词条
[2026-08-16T13:04:07.087Z] dance to	英文例句未使用目标词条
[2026-08-16T13:04:18.120Z] dare to	英文例句未使用目标词条
[2026-08-16T13:04:18.121Z] dash off	英文例句未使用目标词条
[2026-08-16T13:04:18.122Z] date from	英文例句未使用目标词条
[2026-08-16T13:04:18.122Z] debate with	英文例句未使用目标词条
[2026-08-16T13:04:18.123Z] decide on	英文例句未使用目标词条
[2026-08-16T13:04:18.123Z] decide upon	英文例句未使用目标词条
[2026-08-16T13:04:18.124Z] declare for	英文例句未使用目标词条
[2026-08-16T13:04:18.124Z] declare war against	英文例句未使用目标词条
[2026-08-16T13:04:18.125Z] declare war on	英文例句未使用目标词条
[2026-08-16T13:04:18.125Z] dedicate one's energy to	英文例句未使用目标词条
[2026-08-16T13:06:12.529Z] dedicate to	英文例句未使用目标词条
[2026-08-16T13:06:12.530Z] deliver a speech	英文例句未使用目标词条
[2026-08-16T13:06:12.530Z] deliver a verdict	英文例句未使用目标词条
[2026-08-16T13:06:12.531Z] deliver an address	英文例句未使用目标词条
[2026-08-16T13:06:12.532Z] deposit a layer of sediment	英文例句未使用目标词条
[2026-08-16T13:06:12.532Z] deprive of	英文例句未使用目标词条
[2026-08-16T13:06:12.533Z] derive from	英文例句未使用目标词条
[2026-08-16T13:06:12.533Z] descend on	英文例句未使用目标词条
[2026-08-16T13:06:12.534Z] descend to	英文例句未使用目标词条
[2026-08-16T13:06:23.357Z] descend upon	英文例句未使用目标词条
[2026-08-16T13:06:23.357Z] devote oneself to	英文例句未使用目标词条
[2026-08-16T13:06:23.358Z] devote to	英文例句未使用目标词条
[2026-08-16T13:06:23.358Z] die away	英文例句未使用目标词条
[2026-08-16T13:06:23.359Z] die down	英文例句未使用目标词条
[2026-08-16T13:06:23.359Z] die for	英文例句未使用目标词条
[2026-08-16T13:06:23.360Z] die from	英文例句未使用目标词条
[2026-08-16T13:06:23.360Z] die of	英文例句未使用目标词条
[2026-08-16T13:06:23.361Z] die out	英文例句未使用目标词条
[2026-08-16T13:06:23.361Z] dispute against	英文例句未使用目标词条
[2026-08-16T13:08:09.225Z] distort the original meaning	英文例句未使用目标词条
[2026-08-16T13:08:09.225Z] distract from	英文例句未使用目标词条
[2026-08-16T13:08:09.226Z] divide into	英文例句未使用目标词条
[2026-08-16T13:08:09.226Z] do a bunk	英文例句未使用目标词条
[2026-08-16T13:08:09.227Z] do a good deed	英文例句未使用目标词条
[2026-08-16T13:08:09.227Z] do good deeds	英文例句未使用目标词条
[2026-08-16T13:08:18.781Z] do housework	英文例句未使用目标词条
[2026-08-16T13:08:18.782Z] do justice to	英文例句未使用目标词条
[2026-08-16T13:08:18.783Z] do one's best	英文例句未使用目标词条
[2026-08-16T13:08:18.783Z] do one's homework	英文例句未使用目标词条
[2026-08-16T13:08:18.784Z] do one's utmost	英文例句未使用目标词条
[2026-08-16T13:08:18.784Z] do well in	英文例句未使用目标词条
[2026-08-16T13:08:18.785Z] doze off	英文例句未使用目标词条
[2026-08-16T13:08:18.785Z] drag on	英文例句未使用目标词条
[2026-08-16T13:08:18.786Z] drag one's feet on	英文例句未使用目标词条
[2026-08-16T13:10:11.774Z] drag out	英文例句未使用目标词条
[2026-08-16T13:10:11.775Z] draw away	英文例句未使用目标词条
[2026-08-16T13:10:11.776Z] draw in	英文例句未使用目标词条
[2026-08-16T13:10:11.776Z] draw on	英文例句未使用目标词条
[2026-08-16T13:10:11.777Z] draw out	英文例句未使用目标词条
[2026-08-16T13:10:11.777Z] draw the line	英文例句未使用目标词条
[2026-08-16T13:10:11.778Z] dream of	英文例句未使用目标词条
[2026-08-16T13:10:11.778Z] dress up	英文例句未使用目标词条
[2026-08-16T13:10:21.763Z] drink in	英文例句未使用目标词条
[2026-08-16T13:10:21.764Z] drive away	英文例句未使用目标词条
[2026-08-16T13:10:21.764Z] drive home	英文例句未使用目标词条
[2026-08-16T13:10:21.765Z] drive out	英文例句未使用目标词条
[2026-08-16T13:10:21.765Z] drop away	英文例句未使用目标词条
[2026-08-16T13:10:21.766Z] drop back	英文例句未使用目标词条
[2026-08-16T13:10:21.766Z] drop behind	英文例句未使用目标词条
[2026-08-16T13:10:21.767Z] drop down	英文例句未使用目标词条
[2026-08-16T13:12:14.356Z] drop in	英文例句未使用目标词条
[2026-08-16T13:12:14.356Z] drop off	英文例句未使用目标词条
[2026-08-16T13:12:14.357Z] drown out	英文例句未使用目标词条
[2026-08-16T13:12:14.358Z] drum up	英文例句未使用目标词条
[2026-08-16T13:12:14.358Z] dry up	英文例句未使用目标词条
[2026-08-16T13:12:14.359Z] earn a living	英文例句未使用目标词条
[2026-08-16T13:12:14.359Z] earn one's living	英文例句未使用目标词条
[2026-08-16T13:12:25.321Z] ease off	英文例句未使用目标词条
[2026-08-16T13:12:25.322Z] eat away	英文例句未使用目标词条
[2026-08-16T13:12:25.322Z] eat one's words	英文例句未使用目标词条
[2026-08-16T13:12:25.323Z] eat up	英文例句未使用目标词条
[2026-08-16T13:12:25.323Z] emerge from	英文例句未使用目标词条
[2026-08-16T13:12:25.324Z] emphasize on	英文例句未使用目标词条
[2026-08-16T13:12:25.324Z] empty into	英文例句未使用目标词条
[2026-08-16T13:12:25.325Z] encounter danger	英文例句未使用目标词条
[2026-08-16T13:12:25.325Z] encounter difficulties	英文例句未使用目标词条
[2026-08-16T13:12:25.326Z] encounter opposition	英文例句未使用目标词条
[2026-08-16T13:14:17.453Z] end in	英文例句未使用目标词条
[2026-08-16T13:14:17.453Z] end up	英文例句未使用目标词条
[2026-08-16T13:14:17.454Z] end with	英文例句未使用目标词条
[2026-08-16T13:14:17.454Z] endow with	英文例句未使用目标词条
[2026-08-16T13:14:17.455Z] enjoy a superb reputation	英文例句未使用目标词条
[2026-08-16T13:14:17.455Z] enjoy oneself	英文例句未使用目标词条
[2026-08-16T13:14:17.456Z] enquire into	英文例句未使用目标词条
[2026-08-16T13:14:17.456Z] enter for	英文例句未使用目标词条
[2026-08-16T13:14:17.457Z] enter into	英文例句未使用目标词条
[2026-08-16T13:14:25.968Z] equip with	英文例句未使用目标词条
[2026-08-16T13:14:25.969Z] ex-	英文例句未使用目标词条
[2026-08-16T13:14:25.969Z] exchange greetings	英文例句未使用目标词条
[2026-08-16T13:14:25.970Z] exhaust a subject	英文例句未使用目标词条
[2026-08-16T13:14:25.970Z] exhaust oneself	英文例句未使用目标词条
[2026-08-16T13:14:25.971Z] fade out	英文例句未使用目标词条
[2026-08-16T13:14:25.971Z] fail in	英文例句未使用目标词条
[2026-08-16T13:14:25.972Z] fail to	英文例句未使用目标词条
[2026-08-16T13:16:18.773Z] fall down	英文例句未使用目标词条
[2026-08-16T13:16:18.773Z] fall for	英文例句未使用目标词条
[2026-08-16T13:16:18.774Z] fall ill	英文例句未使用目标词条
[2026-08-16T13:16:18.774Z] fall into a habit of	英文例句未使用目标词条
[2026-08-16T13:16:18.775Z] fall into the habit of	英文例句未使用目标词条
[2026-08-16T13:16:18.776Z] fall off	英文例句未使用目标词条
[2026-08-16T13:16:18.776Z] fall on	英文例句未使用目标词条
[2026-08-16T13:16:18.777Z] fall out	英文例句未使用目标词条
[2026-08-16T13:16:18.777Z] fall over	英文例句未使用目标词条
[2026-08-16T13:16:27.371Z] fall prey to	英文例句未使用目标词条
[2026-08-16T13:16:27.372Z] fall short of	英文例句未使用目标词条
[2026-08-16T13:16:27.372Z] fall through	英文例句未使用目标词条
[2026-08-16T13:16:27.373Z] fall to	英文例句未使用目标词条
[2026-08-16T13:16:27.373Z] fall upon	英文例句未使用目标词条
[2026-08-16T13:16:27.374Z] feed up	英文例句未使用目标词条
[2026-08-16T13:16:27.374Z] feel	英文例句未使用目标词条
[2026-08-16T13:16:27.375Z] feel content with	英文例句未使用目标词条
[2026-08-16T13:18:20.779Z] feel free to do	英文例句未使用目标词条
[2026-08-16T13:18:20.780Z] feel one's way	英文例句未使用目标词条
[2026-08-16T13:18:20.780Z] fetch up	英文例句未使用目标词条
[2026-08-16T13:18:20.781Z] fight down	英文例句未使用目标词条
[2026-08-16T13:18:20.781Z] fill up with	英文例句未使用目标词条
[2026-08-16T13:18:20.782Z] fill with	英文例句未使用目标词条
[2026-08-16T13:18:20.782Z] finalize one's plan	英文例句未使用目标词条
[2026-08-16T13:18:20.783Z] find fault with	英文例句未使用目标词条
[2026-08-16T13:18:20.783Z] find it's difficult to do	英文例句未使用目标词条
[2026-08-16T13:18:30.337Z] finish off	英文例句未使用目标词条
[2026-08-16T13:18:30.338Z] fish for	英文例句未使用目标词条
[2026-08-16T13:18:30.338Z] fix on	英文例句未使用目标词条
[2026-08-16T13:18:30.339Z] flag down	英文例句未使用目标词条
[2026-08-16T13:18:30.339Z] fling	英文例句未使用目标词条
[2026-08-16T13:18:30.340Z] focus on	英文例句未使用目标词条
[2026-08-16T13:18:30.340Z] fold up	英文例句未使用目标词条
[2026-08-16T13:18:30.341Z] follow one's advice	英文例句未使用目标词条
[2026-08-16T13:18:30.341Z] follow through	英文例句未使用目标词条
[2026-08-16T13:20:33.901Z] formulate a theory	英文例句未使用目标词条
[2026-08-16T13:20:33.902Z] foul up	英文例句未使用目标词条
[2026-08-16T13:20:33.902Z] freeze	英文例句未使用目标词条
[2026-08-16T13:20:33.903Z] freeze over	英文例句未使用目标词条
[2026-08-16T13:20:33.903Z] freeze up	英文例句未使用目标词条
[2026-08-16T13:20:33.903Z] frighten away	英文例句未使用目标词条
[2026-08-16T13:20:33.904Z] from the bottom of one's heart	英文例句未使用目标词条
[2026-08-16T13:20:45.393Z] furl	英文例句未使用目标词条
[2026-08-16T13:20:45.394Z] gain a reputation as	英文例句未使用目标词条
[2026-08-16T13:20:45.395Z] gain a reputation for	英文例句未使用目标词条
[2026-08-16T13:20:45.395Z] gain momentum	英文例句未使用目标词条
[2026-08-16T13:20:45.396Z] gain on	英文例句未使用目标词条
[2026-08-16T13:20:45.396Z] gamble away	英文例句未使用目标词条
[2026-08-16T13:20:45.397Z] gather momentum	英文例句未使用目标词条
[2026-08-16T13:20:45.397Z] gather up	英文例句未使用目标词条
[2026-08-16T13:20:45.398Z] gaze at	英文例句未使用目标词条
[2026-08-16T13:20:45.398Z] generate from	英文例句未使用目标词条
[2026-08-16T13:22:40.732Z] get a fever	英文例句未使用目标词条
[2026-08-16T13:22:40.732Z] get a good view of	英文例句未使用目标词条
[2026-08-16T13:22:40.733Z] get a job offer	英文例句未使用目标词条
[2026-08-16T13:22:40.733Z] get a refund	英文例句未使用目标词条
[2026-08-16T13:22:40.734Z] get a ride	英文例句未使用目标词条
[2026-08-16T13:22:40.734Z] get a scholarship to the university	英文例句未使用目标词条
[2026-08-16T13:22:40.735Z] get about	英文例句未使用目标词条
[2026-08-16T13:22:49.719Z] get along with	英文例句未使用目标词条
[2026-08-16T13:22:49.720Z] get an extension of time	英文例句未使用目标词条
[2026-08-16T13:22:49.721Z] get annoyed	英文例句未使用目标词条
[2026-08-16T13:22:49.721Z] get behind with	英文例句未使用目标词条
[2026-08-16T13:22:49.722Z] get bored	英文例句未使用目标词条
[2026-08-16T13:22:49.722Z] get caught	英文例句未使用目标词条
[2026-08-16T13:22:49.722Z] get close	英文例句未使用目标词条
[2026-08-16T13:22:49.723Z] get close to	英文例句未使用目标词条
[2026-08-16T13:24:41.160Z] get down	英文例句未使用目标词条
[2026-08-16T13:24:41.161Z] get engaged to	英文例句未使用目标词条
[2026-08-16T13:24:41.162Z] get going	英文例句未使用目标词条
[2026-08-16T13:24:41.162Z] get hurt	英文例句未使用目标词条
[2026-08-16T13:24:41.163Z] get in	英文例句未使用目标词条
[2026-08-16T13:24:41.163Z] get in one's hair	英文例句未使用目标词条
[2026-08-16T13:24:41.164Z] get into the habit of	英文例句未使用目标词条
[2026-08-16T13:24:51.281Z] get into trouble	英文例句未使用目标词条
[2026-08-16T13:24:51.282Z] get involved with	英文例句未使用目标词条
[2026-08-16T13:24:51.283Z] get mad at	英文例句未使用目标词条
[2026-08-16T13:24:51.283Z] get married	英文例句未使用目标词条
[2026-08-16T13:24:51.284Z] get nowhere	英文例句未使用目标词条
[2026-08-16T13:24:51.284Z] get off	英文例句未使用目标词条
[2026-08-16T13:24:51.285Z] get off on the wrong foot	英文例句未使用目标词条
[2026-08-16T13:24:51.286Z] get off the ground	英文例句未使用目标词条
[2026-08-16T13:24:51.286Z] get off work	英文例句未使用目标词条
[2026-08-16T13:26:53.369Z] get on	英文例句未使用目标词条
[2026-08-16T13:26:53.370Z] get on one's nerve	英文例句未使用目标词条
[2026-08-16T13:26:53.370Z] get on one's nerves	英文例句未使用目标词条
[2026-08-16T13:26:53.371Z] get one's hair cut	英文例句未使用目标词条
[2026-08-16T13:26:53.372Z] get paid	英文例句未使用目标词条
[2026-08-16T13:26:53.372Z] get promoted	英文例句未使用目标词条
[2026-08-16T13:26:53.373Z] get separated from	英文例句未使用目标词条
[2026-08-16T13:26:53.373Z] get stuck	英文例句未使用目标词条
[2026-08-16T13:26:53.374Z] get the best of	英文例句未使用目标词条
[2026-08-16T13:27:05.166Z] get the jump on	英文例句未使用目标词条
[2026-08-16T13:27:05.167Z] get to one's feet	英文例句未使用目标词条
[2026-08-16T13:27:05.167Z] get together	英文例句未使用目标词条
[2026-08-16T13:27:05.168Z] get up	英文例句未使用目标词条
[2026-08-16T13:27:05.168Z] give a discount	英文例句未使用目标词条
[2026-08-16T13:27:05.169Z] give a prescription	英文例句未使用目标词条
[2026-08-16T13:27:05.169Z] give a talk	英文例句未使用目标词条
[2026-08-16T13:27:05.170Z] give an account of	英文例句未使用目标词条
[2026-08-16T13:27:05.170Z] give away	英文例句未使用目标词条
[2026-08-16T13:27:05.171Z] give birth to	英文例句未使用目标词条
[2026-08-16T13:29:16.414Z] give comments on	英文例句未使用目标词条
[2026-08-16T13:29:16.415Z] give free rein to	英文例句未使用目标词条
[2026-08-16T13:29:16.415Z] give life to	英文例句未使用目标词条
[2026-08-16T13:29:16.416Z] give off	英文例句未使用目标词条
[2026-08-16T13:29:16.417Z] give out	英文例句未使用目标词条
[2026-08-16T13:29:16.417Z] give priority to	英文例句未使用目标词条
[2026-08-16T13:29:16.418Z] give reasons for	英文例句未使用目标词条
[2026-08-16T13:29:16.418Z] give rein to	英文例句未使用目标词条
[2026-08-16T13:29:16.419Z] give rise to	英文例句未使用目标词条
[2026-08-16T13:29:16.419Z] give shape to	英文例句未使用目标词条
[2026-08-16T13:29:27.932Z] give vent to	英文例句未使用目标词条
[2026-08-16T13:29:27.933Z] give way to	英文例句未使用目标词条
[2026-08-16T13:29:27.933Z] glance down at	英文例句未使用目标词条
[2026-08-16T13:29:27.934Z] glare at	英文例句未使用目标词条
[2026-08-16T13:29:27.934Z] go across	英文例句未使用目标词条
[2026-08-16T13:29:27.935Z] go after	英文例句未使用目标词条
[2026-08-16T13:29:27.935Z] go against	英文例句未使用目标词条
[2026-08-16T13:29:27.936Z] go ahead	英文例句未使用目标词条
[2026-08-16T13:31:36.129Z] go along	英文例句未使用目标词条
[2026-08-16T13:31:36.129Z] go along with	英文例句未使用目标词条
[2026-08-16T13:31:36.130Z] go around	英文例句未使用目标词条
[2026-08-16T13:31:36.130Z] go back home	英文例句未使用目标词条
[2026-08-16T13:31:36.131Z] go back to	英文例句未使用目标词条
[2026-08-16T13:31:36.131Z] go bad	英文例句未使用目标词条
[2026-08-16T13:31:36.132Z] go by	英文例句未使用目标词条
[2026-08-16T13:31:36.132Z] go down	英文例句未使用目标词条
[2026-08-16T13:31:36.133Z] go downhill	英文例句未使用目标词条
[2026-08-16T13:31:45.089Z] go in for	英文例句未使用目标词条
[2026-08-16T13:31:45.090Z] go in one ear and out the other	英文例句未使用目标词条
[2026-08-16T13:31:45.090Z] go into	英文例句未使用目标词条
[2026-08-16T13:31:45.091Z] go into action	英文例句未使用目标词条
[2026-08-16T13:31:45.092Z] go into detail	英文例句未使用目标词条
[2026-08-16T13:31:45.092Z] go into details	英文例句未使用目标词条
[2026-08-16T13:33:51.429Z] go mad	英文例句未使用目标词条
[2026-08-16T13:33:51.431Z] go off	英文例句未使用目标词条
[2026-08-16T13:33:51.431Z] go on a date	英文例句未使用目标词条
[2026-08-16T13:33:51.432Z] go out of fashion	英文例句未使用目标词条
[2026-08-16T13:33:51.432Z] go out of use	英文例句未使用目标词条
[2026-08-16T13:33:51.433Z] go over	英文例句未使用目标词条
[2026-08-16T13:33:51.433Z] go rock climbing	英文例句未使用目标词条
[2026-08-16T13:34:03.760Z] go the round	英文例句未使用目标词条
[2026-08-16T13:34:03.760Z] go the round of	英文例句未使用目标词条
[2026-08-16T13:34:03.761Z] go the rounds	英文例句未使用目标词条
[2026-08-16T13:34:03.761Z] go the rounds of	英文例句未使用目标词条
[2026-08-16T13:34:03.762Z] go to extremes	英文例句未使用目标词条
[2026-08-16T13:34:03.762Z] go to one's head	英文例句未使用目标词条
[2026-08-16T13:34:03.763Z] go to pieces	英文例句未使用目标词条
[2026-08-16T13:34:03.763Z] go to sleep	英文例句未使用目标词条
[2026-08-16T13:34:03.764Z] go to the gym	英文例句未使用目标词条
[2026-08-16T13:34:03.764Z] go up	英文例句未使用目标词条
[2026-08-16T13:36:11.733Z] go with	英文例句未使用目标词条
[2026-08-16T13:36:11.734Z] grant a request	英文例句未使用目标词条
[2026-08-16T13:36:11.735Z] grant one's request	英文例句未使用目标词条
[2026-08-16T13:36:11.735Z] grieve over	英文例句未使用目标词条
[2026-08-16T13:36:11.736Z] groan about	英文例句未使用目标词条
[2026-08-16T13:36:11.736Z] grow on	英文例句未使用目标词条
[2026-08-16T13:36:21.981Z] guerilla	英文例句未使用目标词条
[2026-08-16T13:36:21.981Z] guzzle	英文例句未使用目标词条
[2026-08-16T13:36:21.982Z] hammer out	英文例句未使用目标词条
[2026-08-16T13:36:21.983Z] hand down	英文例句未使用目标词条
[2026-08-16T13:36:21.983Z] hand on	英文例句未使用目标词条
[2026-08-16T13:36:21.984Z] hand out	英文例句未使用目标词条
[2026-08-16T13:36:21.984Z] hand over	英文例句未使用目标词条
[2026-08-16T13:36:21.985Z] hand round	英文例句未使用目标词条
[2026-08-16T13:38:37.657Z] hang in the balance	英文例句未使用目标词条
[2026-08-16T13:38:37.658Z] hang out	英文例句未使用目标词条
[2026-08-16T13:38:37.658Z] hang over	英文例句未使用目标词条
[2026-08-16T13:38:37.659Z] happen on	英文例句未使用目标词条
[2026-08-16T13:38:37.660Z] happen to	英文例句未使用目标词条
[2026-08-16T13:38:37.661Z] hate one's guts	英文例句未使用目标词条
[2026-08-16T13:38:37.661Z] have a bearing on	英文例句未使用目标词条
[2026-08-16T13:38:37.662Z] have a big appetite	英文例句未使用目标词条
[2026-08-16T13:38:37.662Z] have a blast	英文例句未使用目标词条
[2026-08-16T13:38:50.638Z] have a chance to	英文例句未使用目标词条
[2026-08-16T13:38:50.639Z] have a check	英文例句未使用目标词条
[2026-08-16T13:38:50.639Z] have a fever	英文例句未使用目标词条
[2026-08-16T13:38:50.640Z] have a gift for	英文例句未使用目标词条
[2026-08-16T13:38:50.640Z] have a good appetite	英文例句未使用目标词条
[2026-08-16T13:38:50.641Z] have a good mind	英文例句未使用目标词条
[2026-08-16T13:38:50.641Z] have a grasp on	英文例句未使用目标词条
[2026-08-16T13:38:50.642Z] have a great time	英文例句未使用目标词条
[2026-08-16T13:38:50.642Z] have a habit of doing	英文例句未使用目标词条
[2026-08-16T13:38:50.643Z] have a hand in	英文例句未使用目标词条
[2026-08-16T13:40:59.879Z] have a high fever	英文例句未使用目标词条
[2026-08-16T13:40:59.879Z] have a lesson	英文例句未使用目标词条
[2026-08-16T13:40:59.880Z] have a mind	英文例句未使用目标词条
[2026-08-16T13:40:59.880Z] have a poor appetite	英文例句未使用目标词条
[2026-08-16T13:40:59.881Z] have a population of	英文例句未使用目标词条
[2026-08-16T13:40:59.881Z] have a problem with	英文例句未使用目标词条
[2026-08-16T13:40:59.882Z] have a reputation for	英文例句未使用目标词条
[2026-08-16T13:40:59.882Z] have a significant effect	英文例句未使用目标词条
[2026-08-16T13:40:59.883Z] have a significant impact on	英文例句未使用目标词条
[2026-08-16T13:41:10.076Z] have a sore throat	英文例句未使用目标词条
[2026-08-16T13:41:10.076Z] have a stuffed nose	英文例句未使用目标词条
[2026-08-16T13:41:10.077Z] have a taste in	英文例句未使用目标词条
[2026-08-16T13:41:10.078Z] have a taste of	英文例句未使用目标词条
[2026-08-16T13:41:10.078Z] have a temperature	英文例句未使用目标词条
[2026-08-16T13:41:10.079Z] have a way with	英文例句未使用目标词条
[2026-08-16T13:41:10.079Z] have abundant energy	英文例句未使用目标词条
[2026-08-16T13:41:10.079Z] have an appetite for	英文例句未使用目标词条
[2026-08-16T13:43:01.428Z] have an effect on	英文例句未使用目标词条
[2026-08-16T13:43:01.428Z] have an eye for	英文例句未使用目标词条
[2026-08-16T13:43:01.429Z] have an impact on	英文例句未使用目标词条
[2026-08-16T13:43:01.429Z] have an influence on	英文例句未使用目标词条
[2026-08-16T13:43:01.430Z] have influence on	英文例句未使用目标词条
[2026-08-16T13:43:12.654Z] have no choice but to do	英文例句未使用目标词条
[2026-08-16T13:43:12.655Z] have one's address	英文例句未使用目标词条
[2026-08-16T13:43:12.655Z] have one's hair cut	英文例句未使用目标词条
[2026-08-16T13:43:12.656Z] have one's hands full	英文例句未使用目标词条
[2026-08-16T13:43:12.656Z] have problems with	英文例句未使用目标词条
[2026-08-16T13:43:12.657Z] have right to do	英文例句未使用目标词条
[2026-08-16T13:43:12.657Z] have room for	英文例句未使用目标词条
[2026-08-16T13:43:12.658Z] have taste in	英文例句未使用目标词条
[2026-08-16T13:43:12.658Z] have the authority to do	英文例句未使用目标词条
[2026-08-16T13:45:27.187Z] have the best of	英文例句未使用目标词条
[2026-08-16T13:45:27.188Z] have to do with	英文例句未使用目标词条
[2026-08-16T13:45:27.188Z] have trouble in doing	英文例句未使用目标词条
[2026-08-16T13:45:27.189Z] have trouble with	英文例句未使用目标词条
[2026-08-16T13:45:27.189Z] have words with	英文例句未使用目标词条
[2026-08-16T13:45:27.190Z] head	英文例句未使用目标词条
[2026-08-16T13:45:27.190Z] hear	英文例句未使用目标词条
[2026-08-16T13:45:27.191Z] hear about	英文例句未使用目标词条
[2026-08-16T13:45:27.191Z] hear from	英文例句未使用目标词条
[2026-08-16T13:45:39.649Z] hear of	英文例句未使用目标词条
[2026-08-16T13:45:39.649Z] help out	英文例句未使用目标词条
[2026-08-16T13:45:39.650Z] hide	英文例句未使用目标词条
[2026-08-16T13:45:39.650Z] hinge on	英文例句未使用目标词条
[2026-08-16T13:45:39.651Z] hinge upon	英文例句未使用目标词条
[2026-08-16T13:45:39.652Z] hold in check	英文例句未使用目标词条
[2026-08-16T13:45:39.652Z] hold off	英文例句未使用目标词条
[2026-08-16T13:45:39.653Z] hold one's breath	英文例句未使用目标词条
[2026-08-16T13:45:39.653Z] hold one's own	英文例句未使用目标词条
[2026-08-16T13:47:40.001Z] hold the grudge	英文例句未使用目标词条
[2026-08-16T13:47:40.002Z] hold true	英文例句未使用目标词条
[2026-08-16T13:47:40.002Z] hold up	英文例句未使用目标词条
[2026-08-16T13:47:40.003Z] hook up	英文例句未使用目标词条
[2026-08-16T13:47:40.003Z] hunt down	英文例句未使用目标词条
[2026-08-16T13:47:40.004Z] immerge oneself into	英文例句未使用目标词条
[2026-08-16T13:47:40.004Z] immerse in	英文例句未使用目标词条
[2026-08-16T13:47:40.005Z] immune	英文例句未使用目标词条
[2026-08-16T13:47:50.365Z] imposition	英文例句未使用目标词条
[2026-08-16T13:47:50.366Z] impress on	英文例句未使用目标词条
[2026-08-16T13:47:50.366Z] impress with	英文例句未使用目标词条
[2026-08-16T13:47:50.367Z] improve upon	英文例句未使用目标词条
[2026-08-16T13:47:50.367Z] in depth	英文例句未使用目标词条
[2026-08-16T13:47:50.368Z] in one's fifties	英文例句未使用目标词条
[2026-08-16T13:47:50.368Z] in one's honor	英文例句未使用目标词条
[2026-08-16T13:47:50.369Z] in one's lifetime	英文例句未使用目标词条
[2026-08-16T13:47:50.369Z] in one's opinion	英文例句未使用目标词条
[2026-08-16T13:49:58.502Z] in one's place	英文例句未使用目标词条
[2026-08-16T13:49:58.503Z] in one's presence	英文例句未使用目标词条
[2026-08-16T13:49:58.503Z] in one's sight	英文例句未使用目标词条
[2026-08-16T13:49:58.504Z] in one's turn	英文例句未使用目标词条
[2026-08-16T13:49:58.505Z] in one's view	英文例句未使用目标词条
[2026-08-16T13:49:58.506Z] in one's way	英文例句未使用目标词条
[2026-08-16T13:49:58.506Z] inflict on	英文例句未使用目标词条
[2026-08-16T13:49:58.507Z] inflict upon	英文例句未使用目标词条
[2026-08-16T13:50:08.391Z] inherit from	英文例句未使用目标词条
[2026-08-16T13:50:08.391Z] insert one's card	英文例句未使用目标词条
[2026-08-16T13:50:08.392Z] insist that	英文例句未使用目标词条
[2026-08-16T13:50:08.392Z] involve in	英文例句未使用目标词条
[2026-08-16T13:50:08.393Z] isolate from	英文例句未使用目标词条
[2026-08-16T13:50:08.393Z] It's hard to say.	英文例句未使用目标词条
[2026-08-16T13:50:08.394Z] It's hard to tell.	英文例句未使用目标词条
[2026-08-16T13:52:09.630Z] jump a queue	英文例句未使用目标词条
[2026-08-16T13:52:09.631Z] jump in	英文例句未使用目标词条
[2026-08-16T13:52:09.631Z] jump off	英文例句未使用目标词条
[2026-08-16T13:52:09.632Z] keep a promise	英文例句未使用目标词条
[2026-08-16T13:52:09.632Z] keep a record	英文例句未使用目标词条
[2026-08-16T13:52:09.633Z] keep at	英文例句未使用目标词条
[2026-08-16T13:52:09.633Z] keep back	英文例句未使用目标词条
[2026-08-16T13:52:19.187Z] keep one's balance	英文例句未使用目标词条
[2026-08-16T13:52:19.187Z] keep one's distance	英文例句未使用目标词条
[2026-08-16T13:52:19.188Z] keep one's eyes on	英文例句未使用目标词条
[2026-08-16T13:52:19.188Z] keep one's fingers crossed	英文例句未使用目标词条
[2026-08-16T13:52:19.189Z] keep one's head	英文例句未使用目标词条
[2026-08-16T13:52:19.189Z] keep one's promise	英文例句未使用目标词条
[2026-08-16T13:52:19.190Z] keep one's word	英文例句未使用目标词条
[2026-08-16T13:54:21.661Z] keep to oneself	英文例句未使用目标词条
[2026-08-16T13:54:21.661Z] keep up	英文例句未使用目标词条
[2026-08-16T13:54:21.662Z] keep watch on	英文例句未使用目标词条
[2026-08-16T13:54:21.662Z] kick about	英文例句未使用目标词条
[2026-08-16T13:54:21.662Z] kick off	英文例句未使用目标词条
[2026-08-16T13:54:21.663Z] kick up	英文例句未使用目标词条
[2026-08-16T13:54:32.103Z] knock into	英文例句未使用目标词条
[2026-08-16T13:54:32.104Z] knock off	英文例句未使用目标词条
[2026-08-16T13:54:32.105Z] knock on	英文例句未使用目标词条
[2026-08-16T13:54:32.105Z] knock out	英文例句未使用目标词条
[2026-08-16T13:54:32.106Z] knock up	英文例句未使用目标词条
[2026-08-16T13:54:32.106Z] know backward	英文例句未使用目标词条
[2026-08-16T13:54:32.106Z] know backwards	英文例句未使用目标词条
[2026-08-16T13:54:32.107Z] know better	英文例句未使用目标词条
[2026-08-16T13:54:32.107Z] knowhow	英文例句未使用目标词条
[2026-08-16T13:56:38.300Z] lag behind	英文例句未使用目标词条
[2026-08-16T13:56:38.301Z] land on one's feet	英文例句未使用目标词条
[2026-08-16T13:56:38.302Z] lash out	英文例句未使用目标词条
[2026-08-16T13:56:38.302Z] lash out at	英文例句未使用目标词条
[2026-08-16T13:56:38.303Z] laugh at	英文例句未使用目标词条
[2026-08-16T13:56:38.303Z] laugh off	英文例句未使用目标词条
[2026-08-16T13:56:38.304Z] laugh one's head off	英文例句未使用目标词条
[2026-08-16T13:56:38.305Z] launch in	英文例句未使用目标词条
[2026-08-16T13:56:38.306Z] launch into	英文例句未使用目标词条
[2026-08-16T13:56:46.377Z] lay great emphasis on	英文例句未使用目标词条
[2026-08-16T13:56:46.378Z] lay out	英文例句未使用目标词条
[2026-08-16T13:56:46.378Z] lay stress on	英文例句未使用目标词条
[2026-08-16T13:56:46.379Z] lead	英文例句未使用目标词条
[2026-08-16T13:56:46.379Z] leaf through	英文例句未使用目标词条
[2026-08-16T13:56:46.380Z] lean out of	英文例句未使用目标词条
[2026-08-16T13:58:48.413Z] learn about	英文例句未使用目标词条
[2026-08-16T13:58:48.414Z] learn through	英文例句未使用目标词条
[2026-08-16T13:58:48.415Z] leave behind	英文例句未使用目标词条
[2026-08-16T13:58:48.415Z] leave over	英文例句未使用目标词条
[2026-08-16T13:58:48.416Z] leave to one's own devices	英文例句未使用目标词条
[2026-08-16T13:58:48.416Z] lie in	英文例句未使用目标词条
[2026-08-16T13:58:48.417Z] lie to	英文例句未使用目标词条
[2026-08-16T13:58:48.418Z] lie with	英文例句未使用目标词条
[2026-08-16T13:58:48.419Z] lift up	英文例句未使用目标词条
[2026-08-16T13:58:58.203Z] linger on	英文例句未使用目标词条
[2026-08-16T13:58:58.204Z] link up with	英文例句未使用目标词条
[2026-08-16T13:58:58.205Z] live by	英文例句未使用目标词条
[2026-08-16T13:58:58.205Z] lock away	英文例句未使用目标词条
[2026-08-16T13:58:58.206Z] lock up	英文例句未使用目标词条
[2026-08-16T13:58:58.207Z] long for	英文例句未使用目标词条
[2026-08-16T13:58:58.207Z] look about	英文例句未使用目标词条
[2026-08-16T13:58:58.208Z] look about for	英文例句未使用目标词条
[2026-08-16T14:01:05.682Z] look around	英文例句未使用目标词条
[2026-08-16T14:01:05.683Z] look around for	英文例句未使用目标词条
[2026-08-16T14:01:05.683Z] look as if	英文例句未使用目标词条
[2026-08-16T14:01:05.684Z] look away	英文例句未使用目标词条
[2026-08-16T14:01:05.684Z] look away from	英文例句未使用目标词条
[2026-08-16T14:01:05.685Z] look back	英文例句未使用目标词条
[2026-08-16T14:01:05.685Z] look for	英文例句未使用目标词条
[2026-08-16T14:01:05.686Z] look for a needle in a haystack	英文例句未使用目标词条
[2026-08-16T14:01:05.686Z] look in at	英文例句未使用目标词条
[2026-08-16T14:01:15.183Z] look into	英文例句未使用目标词条
[2026-08-16T14:01:15.184Z] look like	英文例句未使用目标词条
[2026-08-16T14:01:15.184Z] look on	英文例句未使用目标词条
[2026-08-16T14:01:15.185Z] look out of	英文例句未使用目标词条
[2026-08-16T14:01:15.185Z] look through	英文例句未使用目标词条
[2026-08-16T14:01:15.186Z] look up and down	英文例句未使用目标词条
[2026-08-16T14:01:15.186Z] look upon	英文例句未使用目标词条
[2026-08-16T14:01:15.187Z] lose	英文例句未使用目标词条
[2026-08-16T14:03:29.943Z] lose balance	英文例句未使用目标词条
[2026-08-16T14:03:29.944Z] lose contact with	英文例句未使用目标词条
[2026-08-16T14:03:29.944Z] lose control	英文例句未使用目标词条
[2026-08-16T14:03:29.945Z] lose control of	英文例句未使用目标词条
[2026-08-16T14:03:29.945Z] lose face	英文例句未使用目标词条
[2026-08-16T14:03:29.946Z] lose heart	英文例句未使用目标词条
[2026-08-16T14:03:29.946Z] lose hope	英文例句未使用目标词条
[2026-08-16T14:03:29.947Z] lose interest in	英文例句未使用目标词条
[2026-08-16T14:03:29.948Z] lose one's balance	英文例句未使用目标词条
[2026-08-16T14:03:29.948Z] lose one's head	英文例句未使用目标词条
[2026-08-16T14:03:42.524Z] lose one's heart to	英文例句未使用目标词条
[2026-08-16T14:03:42.525Z] lose one's job	英文例句未使用目标词条
[2026-08-16T14:03:42.525Z] lose one's life	英文例句未使用目标词条
[2026-08-16T14:03:42.526Z] lose one's nerve	英文例句未使用目标词条
[2026-08-16T14:03:42.526Z] lose one's sight	英文例句未使用目标词条
[2026-08-16T14:03:42.527Z] lose one's temper	英文例句未使用目标词条
[2026-08-16T14:03:42.528Z] lose one's voice	英文例句未使用目标词条
[2026-08-16T14:03:42.528Z] lose one's way	英文例句未使用目标词条
[2026-08-16T14:03:42.528Z] lose out	英文例句未使用目标词条
[2026-08-16T14:03:42.529Z] lose sight of	英文例句未使用目标词条
[2026-08-16T14:05:32.934Z] lose temper	英文例句未使用目标词条
[2026-08-16T14:05:32.935Z] lose touch with	英文例句未使用目标词条
[2026-08-16T14:05:32.935Z] lose track of	英文例句未使用目标词条
[2026-08-16T14:05:32.936Z] lose track of the time	英文例句未使用目标词条
[2026-08-16T14:05:32.936Z] lose weight	英文例句未使用目标词条
[2026-08-16T14:14:55.455Z] make	英文例句未使用目标词条
[2026-08-16T14:14:55.456Z] make a bargain with	英文例句未使用目标词条
[2026-08-16T14:14:55.457Z] make a buck	英文例句未使用目标词条
[2026-08-16T14:14:55.457Z] make a comment	英文例句未使用目标词条
[2026-08-16T14:14:55.458Z] make a complaint	英文例句未使用目标词条
[2026-08-16T14:14:55.459Z] make a contribution to	英文例句未使用目标词条
[2026-08-16T14:15:18.099Z] make a deep impression	英文例句未使用目标词条
[2026-08-16T14:15:18.099Z] make a face	英文例句未使用目标词条
[2026-08-16T14:16:50.752Z] make a fortune	英文例句未使用目标词条
[2026-08-16T14:16:50.753Z] make a hit	英文例句未使用目标词条
[2026-08-16T14:16:50.753Z] make a life	英文例句未使用目标词条
[2026-08-16T14:16:50.754Z] make a living	英文例句未使用目标词条
[2026-08-16T14:16:50.754Z] make a mess of	英文例句未使用目标词条
[2026-08-16T14:16:50.755Z] make a mistake	英文例句未使用目标词条
[2026-08-16T14:16:50.755Z] make a name	英文例句未使用目标词条
[2026-08-16T14:16:50.756Z] make a noise	英文例句未使用目标词条
[2026-08-16T14:16:50.757Z] make a nominal charge	英文例句未使用目标词条
[2026-08-16T14:17:15.451Z] make a profit	英文例句未使用目标词条
[2026-08-16T14:17:15.452Z] make a promise	英文例句未使用目标词条
[2026-08-16T14:17:15.453Z] make a provisional booking	英文例句未使用目标词条
[2026-08-16T14:17:15.453Z] make a record	英文例句未使用目标词条
[2026-08-16T14:17:15.454Z] make a reference to	英文例句未使用目标词条
[2026-08-16T14:17:15.454Z] make a reservation	英文例句未使用目标词条
[2026-08-16T14:18:51.708Z] make a speech	英文例句未使用目标词条
[2026-08-16T14:18:51.708Z] make a suggestion	英文例句未使用目标词条
[2026-08-16T14:18:51.709Z] make a thing of	英文例句未使用目标词条
[2026-08-16T14:18:51.709Z] make a thing out of	英文例句未使用目标词条
[2026-08-16T14:18:51.710Z] make a top priority	英文例句未使用目标词条
[2026-08-16T14:18:51.711Z] make a trade	英文例句未使用目标词条
[2026-08-16T14:18:51.711Z] make a trip	英文例句未使用目标词条
[2026-08-16T14:18:51.712Z] make a wish	英文例句未使用目标词条
[2026-08-16T14:18:51.713Z] make an application	英文例句未使用目标词条
[2026-08-16T14:19:22.400Z] make an effort	英文例句未使用目标词条
[2026-08-16T14:19:22.400Z] make an effort to	英文例句未使用目标词条
[2026-08-16T14:19:22.400Z] make an example of	英文例句未使用目标词条
[2026-08-16T14:19:22.401Z] make an exception	英文例句未使用目标词条
[2026-08-16T14:19:22.402Z] make an exception of	英文例句未使用目标词条
[2026-08-16T14:19:22.402Z] make an offer	英文例句未使用目标词条
[2026-08-16T14:19:22.403Z] make believe	英文例句未使用目标词条
[2026-08-16T14:20:54.554Z] make contact with	英文例句未使用目标词条
[2026-08-16T14:20:54.554Z] make contributions to	英文例句未使用目标词条
[2026-08-16T14:20:54.555Z] make difference	英文例句未使用目标词条
[2026-08-16T14:20:54.556Z] make do with	英文例句未使用目标词条
[2026-08-16T14:20:54.557Z] make effort	英文例句未使用目标词条
[2026-08-16T14:20:54.558Z] make efforts to	英文例句未使用目标词条
[2026-08-16T14:20:54.559Z] make faces	英文例句未使用目标词条
[2026-08-16T14:21:15.182Z] make for	英文例句未使用目标词条
[2026-08-16T14:21:15.182Z] make great progress	英文例句未使用目标词条
[2026-08-16T14:21:15.183Z] make headway	英文例句未使用目标词条
[2026-08-16T14:22:39.043Z] make money	英文例句未使用目标词条
[2026-08-16T14:22:39.043Z] make no bones about	英文例句未使用目标词条
[2026-08-16T14:22:39.044Z] make notes	英文例句未使用目标词条
[2026-08-16T14:22:39.045Z] make off	英文例句未使用目标词条
[2026-08-16T14:22:39.045Z] make one's blood boil	英文例句未使用目标词条
[2026-08-16T14:23:11.600Z] make one's fortune	英文例句未使用目标词条
[2026-08-16T14:23:11.600Z] make one's hair stand on end	英文例句未使用目标词条
[2026-08-16T14:23:11.601Z] make one's living	英文例句未使用目标词条
[2026-08-16T14:23:11.601Z] make one's peace with	英文例句未使用目标词条
[2026-08-16T14:23:11.602Z] make one's way	英文例句未使用目标词条
[2026-08-16T14:23:11.602Z] make one's way through	英文例句未使用目标词条
[2026-08-16T14:23:11.603Z] make one's way to	英文例句未使用目标词条
[2026-08-16T14:23:11.604Z] make one's way towards	英文例句未使用目标词条
[2026-08-16T14:24:18.977Z] make out of	英文例句未使用目标词条
[2026-08-16T14:24:18.977Z] make peace with	英文例句未使用目标词条
[2026-08-16T14:24:18.978Z] make ready	英文例句未使用目标词条
[2026-08-16T14:25:22.753Z] make up one's mind	英文例句未使用目标词条
[2026-08-16T14:25:22.754Z] make way	英文例句未使用目标词条
[2026-08-16T14:27:44.133Z] manage to	英文例句未使用目标词条
[2026-08-16T14:31:24.835Z] mark down	英文例句未使用目标词条
[2026-08-16T14:31:24.836Z] mark out	英文例句未使用目标词条
[2026-08-16T14:31:24.837Z] mark up	英文例句未使用目标词条
[2026-08-16T14:37:20.297Z] mean to	英文例句未使用目标词条
[2026-08-16T14:37:20.298Z] meantime	英文例句未使用目标词条
[2026-08-16T14:40:11.491Z] meet one's needs	英文例句未使用目标词条
[2026-08-16T14:40:11.491Z] meet the standard	英文例句未使用目标词条
[2026-08-16T14:40:11.492Z] meet up	英文例句未使用目标词条
[2026-08-16T14:40:11.492Z] meet up with	英文例句未使用目标词条
[2026-08-16T14:40:27.466Z] meet with	英文例句未使用目标词条
[2026-08-16T14:52:27.490Z] misplace trust in	英文例句未使用目标词条
[2026-08-16T14:54:27.521Z] model after	英文例句未使用目标词条
[2026-08-16T14:54:27.522Z] model on	英文例句未使用目标词条
[2026-08-16T15:01:28.492Z] Mount Everest	英文例句与已有记录重复
[2026-08-16T15:02:22.852Z] move around	英文例句未使用目标词条
[2026-08-16T15:03:05.796Z] move off	英文例句未使用目标词条
[2026-08-16T15:03:05.796Z] move on to	英文例句未使用目标词条
[2026-08-16T15:03:05.797Z] move out	英文例句未使用目标词条
[2026-08-16T15:03:05.797Z] move to	英文例句未使用目标词条
[2026-08-16T15:03:47.795Z] mow down	英文例句未使用目标词条
[2026-08-16T15:09:28.220Z] name after	英文例句未使用目标词条
[2026-08-16T15:20:43.983Z] nominate for	英文例句包含不必要的常见人名
[2026-08-16T15:23:23.934Z] not always be the case	英文例句未使用目标词条
[2026-08-16T15:35:01.207Z] offer a discount	英文例句未使用目标词条
[2026-08-16T15:36:32.752Z] omit doing	英文例句未使用目标词条
[2026-08-16T15:36:32.753Z] omit to do	英文例句未使用目标词条
[2026-08-16T15:39:26.348Z] on one's behalf	英文例句未使用目标词条
[2026-08-16T15:39:26.349Z] on one's own	英文例句未使用目标词条
[2026-08-16T15:39:26.350Z] on one's own behalf	英文例句未使用目标词条
[2026-08-16T15:39:26.351Z] on one's part	英文例句未使用目标词条
[2026-08-16T15:39:26.351Z] on one's side	英文例句未使用目标词条
[2026-08-16T15:39:26.352Z] on one's way	英文例句未使用目标词条
[2026-08-16T15:39:26.353Z] on one's way to	英文例句未使用目标词条
[2026-08-16T15:41:59.872Z] on the tip of one's tongue	英文例句未使用目标词条
[2026-08-16T15:44:32.695Z] one's motivation	英文例句未使用目标词条
[2026-08-16T15:50:00.580Z] orient toward	英文例句未使用目标词条
[2026-08-16T15:50:02.727Z] originate from	英文例句未使用目标词条
[2026-08-16T15:50:02.728Z] originate in	英文例句未使用目标词条
[2026-08-16T15:51:17.656Z] originate with	英文例句未使用目标词条
[2026-08-16T15:54:44.205Z] outgrow	英文例句未使用目标词条
[2026-08-16T15:55:10.955Z] outline one's idea	英文例句未使用目标词条
[2026-08-16T15:58:20.941Z] overdo	英文例句未使用目标词条
[2026-08-16T15:58:20.942Z] overflow with	英文例句未使用目标词条
[2026-08-16T15:59:16.410Z] overhear	英文例句未使用目标词条
[2026-08-16T15:59:51.294Z] overrun	英文例句未使用目标词条
[2026-08-16T16:00:37.755Z] oversleep	英文例句未使用目标词条
[2026-08-16T16:00:37.756Z] overtake	英文例句未使用目标词条
[2026-08-16T16:01:56.937Z] owe to	英文例句未使用目标词条
[2026-08-16T16:03:26.422Z] p.m.	英文例句未使用目标词条
[2026-08-16T16:06:10.447Z] panic	英文例句未使用目标词条
[2026-08-16T16:08:26.781Z] parcel out	英文例句未使用目标词条
[2026-08-16T16:11:36.291Z] pass by	英文例句未使用目标词条
[2026-08-16T16:11:36.292Z] pass down	英文例句未使用目标词条
[2026-08-16T16:11:36.293Z] pass off as	英文例句未使用目标词条
[2026-08-16T16:12:24.099Z] pass on	英文例句未使用目标词条
[2026-08-16T16:12:24.100Z] pass on to	英文例句未使用目标词条
[2026-08-16T16:12:24.101Z] pass out	英文例句未使用目标词条
[2026-08-16T16:12:24.101Z] pass over	英文例句未使用目标词条
[2026-08-16T16:12:24.102Z] pass the time	英文例句未使用目标词条
[2026-08-16T16:12:24.102Z] pass through	英文例句未使用目标词条
[2026-08-16T16:12:24.103Z] pass up	英文例句未使用目标词条
[2026-08-16T16:15:34.647Z] pause to do	英文例句未使用目标词条
[2026-08-16T16:16:24.370Z] pay attention to	英文例句与已有记录重复
[2026-08-16T16:16:54.844Z] pay no attention to	英文例句未使用目标词条
[2026-08-17T16:09:48.905Z] at one's best	英文例句未使用目标词条
[2026-08-17T16:09:48.906Z] attach to	英文例句未使用目标词条
[2026-08-17T16:09:48.906Z] attempt to	英文例句未使用目标词条
[2026-08-17T16:09:48.907Z] attempt to do	英文例句未使用目标词条
[2026-08-17T16:09:48.908Z] attribute to	英文例句未使用目标词条
[2026-08-17T16:09:48.908Z] await trial	英文例句未使用目标词条
[2026-08-17T16:09:48.909Z] awake to	英文例句未使用目标词条
[2026-08-17T16:09:48.909Z] back away	英文例句未使用目标词条
[2026-08-17T16:09:48.910Z] back on one's feet	英文例句未使用目标词条
[2026-08-17T16:09:48.911Z] balance between A and B	英文例句未使用目标词条
[2026-08-17T16:09:59.929Z] acquaint with	英文例句未使用目标词条
[2026-08-17T16:09:59.930Z] agree to	英文例句未使用目标词条
[2026-08-17T16:09:59.930Z] agree upon	英文例句未使用目标词条
[2026-08-17T16:09:59.931Z] aim at	英文例句未使用目标词条
[2026-08-17T16:09:59.931Z] aim to	英文例句未使用目标词条
[2026-08-17T16:09:59.932Z] arise from	英文例句未使用目标词条
[2026-08-17T16:09:59.932Z] ask for	英文例句未使用目标词条
[2026-08-17T16:09:59.933Z] assign to	英文例句未使用目标词条
[2026-08-17T16:09:59.933Z] assist with	英文例句未使用目标词条
[2026-08-17T16:09:59.934Z] associate with	英文例句未使用目标词条
[2026-08-17T16:11:54.473Z] bargain on	英文例句未使用目标词条
[2026-08-17T16:11:54.474Z] base on	英文例句未使用目标词条
[2026-08-17T16:11:54.475Z] base upon	英文例句未使用目标词条
[2026-08-17T16:11:54.475Z] be absent from	英文例句未使用目标词条
[2026-08-17T16:11:54.476Z] be absorbed in	英文例句未使用目标词条
[2026-08-17T16:11:54.476Z] be abundant in	英文例句未使用目标词条
[2026-08-17T16:11:54.477Z] be accompanied by	英文例句未使用目标词条
[2026-08-17T16:11:54.477Z] be accused of	英文例句未使用目标词条
[2026-08-17T16:11:54.478Z] be accustomed to	英文例句未使用目标词条
[2026-08-17T16:12:05.979Z] be adapted to	英文例句未使用目标词条
[2026-08-17T16:12:05.980Z] be addicted to	英文例句未使用目标词条
[2026-08-17T16:12:05.980Z] be adequate for	英文例句未使用目标词条
[2026-08-17T16:12:05.981Z] be admitted into	英文例句未使用目标词条
[2026-08-17T16:12:05.981Z] be admitted to	英文例句未使用目标词条
[2026-08-17T16:12:05.982Z] be advisable to	英文例句未使用目标词条
[2026-08-17T16:12:05.983Z] be afraid	英文例句未使用目标词条
[2026-08-17T16:12:05.983Z] be against	英文例句未使用目标词条
[2026-08-17T16:12:05.984Z] be alienated from	英文例句未使用目标词条
[2026-08-17T16:12:05.984Z] be allergic to	英文例句未使用目标词条
[2026-08-17T16:14:04.102Z] be angry with	英文例句未使用目标词条
[2026-08-17T16:14:04.103Z] be anxious about	英文例句未使用目标词条
[2026-08-17T16:14:04.104Z] be applicable to	英文例句未使用目标词条
[2026-08-17T16:14:04.104Z] be around the corner	英文例句未使用目标词条
[2026-08-17T16:14:04.105Z] be ashamed of	英文例句未使用目标词条
[2026-08-17T16:14:04.105Z] be asleep	英文例句未使用目标词条
[2026-08-17T16:14:04.106Z] be assigned to do	英文例句未使用目标词条
[2026-08-17T16:14:04.107Z] be at fault	英文例句未使用目标词条
[2026-08-17T16:14:04.107Z] be at issue	英文例句未使用目标词条
[2026-08-17T16:14:04.108Z] be at liberty	英文例句未使用目标词条
[2026-08-17T16:14:14.895Z] be at odds	英文例句未使用目标词条
[2026-08-17T16:14:14.896Z] be at odds with	英文例句未使用目标词条
[2026-08-17T16:14:14.896Z] be at one's disposal	英文例句未使用目标词条
[2026-08-17T16:14:14.897Z] be at sea	英文例句未使用目标词条
[2026-08-17T16:14:14.897Z] be at stake	英文例句未使用目标词条
[2026-08-17T16:14:14.898Z] be at the mercy of	英文例句未使用目标词条
[2026-08-17T16:14:14.899Z] be attached to	英文例句未使用目标词条
[2026-08-17T16:14:14.899Z] be attracted to	英文例句未使用目标词条
[2026-08-17T16:14:14.900Z] be attributed to	英文例句未使用目标词条
[2026-08-17T16:14:14.901Z] be authorized to	英文例句未使用目标词条
[2026-08-17T16:16:11.870Z] be available to	英文例句未使用目标词条
[2026-08-17T16:16:11.871Z] be away from	英文例句未使用目标词条
[2026-08-17T16:16:11.871Z] be bad at	英文例句未使用目标词条
[2026-08-17T16:16:11.872Z] be bad for	英文例句未使用目标词条
[2026-08-17T16:16:11.873Z] be based on	英文例句未使用目标词条
[2026-08-17T16:16:11.873Z] be beneficial to	英文例句未使用目标词条
[2026-08-17T16:16:11.874Z] be bent on	英文例句未使用目标词条
[2026-08-17T16:16:11.874Z] be best with	英文例句未使用目标词条
[2026-08-17T16:16:11.875Z] be beyond all question	英文例句未使用目标词条
[2026-08-17T16:16:11.875Z] be beyond belief	英文例句未使用目标词条
[2026-08-17T16:16:22.453Z] be beyond compare	英文例句未使用目标词条
[2026-08-17T16:16:22.454Z] be beyond question	英文例句未使用目标词条
[2026-08-17T16:16:22.454Z] be blamed for	英文例句未使用目标词条
[2026-08-17T16:16:22.455Z] be blessed with	英文例句未使用目标词条
[2026-08-17T16:16:22.455Z] be blind to	英文例句未使用目标词条
[2026-08-17T16:16:22.456Z] be bored with	英文例句未使用目标词条
[2026-08-17T16:16:22.456Z] be born in	英文例句未使用目标词条
[2026-08-17T16:16:22.457Z] be born into	英文例句未使用目标词条
[2026-08-17T16:16:22.458Z] be born with	英文例句未使用目标词条
[2026-08-17T16:16:22.458Z] be bound for	英文例句未使用目标词条
[2026-08-17T16:18:22.418Z] be bound to	英文例句未使用目标词条
[2026-08-17T16:18:22.419Z] be bound up in	英文例句未使用目标词条
[2026-08-17T16:18:22.419Z] be broken beyond repair	英文例句未使用目标词条
[2026-08-17T16:18:22.420Z] be capable of	英文例句未使用目标词条
[2026-08-17T16:18:22.420Z] be caught in	英文例句未使用目标词条
[2026-08-17T16:18:22.421Z] be caught up in	英文例句未使用目标词条
[2026-08-17T16:18:22.421Z] be certain of	英文例句未使用目标词条
[2026-08-17T16:18:22.422Z] be characterized by	英文例句未使用目标词条
[2026-08-17T16:18:22.422Z] be close to	英文例句未使用目标词条
[2026-08-17T16:18:22.423Z] be closely linked to	英文例句未使用目标词条
[2026-08-17T16:18:33.120Z] be comparable to	英文例句未使用目标词条
[2026-08-17T16:18:33.121Z] be comparable with	英文例句未使用目标词条
[2026-08-17T16:18:33.121Z] be concerned about	英文例句未使用目标词条
[2026-08-17T16:18:33.122Z] be concerned with	英文例句未使用目标词条
[2026-08-17T16:18:33.122Z] be confined to	英文例句未使用目标词条
[2026-08-17T16:18:33.123Z] be confronted with	英文例句未使用目标词条
[2026-08-17T16:18:33.123Z] be confused about	英文例句未使用目标词条
[2026-08-17T16:18:33.124Z] be considered as	英文例句未使用目标词条
[2026-08-17T16:18:33.124Z] be content with	英文例句未使用目标词条
[2026-08-17T16:18:33.125Z] be contrary to	英文例句未使用目标词条
[2026-08-17T16:20:31.868Z] be covered with	英文例句未使用目标词条
[2026-08-17T16:20:31.869Z] be crazy about	英文例句未使用目标词条
[2026-08-17T16:20:31.869Z] be critical of	英文例句未使用目标词条
[2026-08-17T16:20:31.870Z] be crowded with	英文例句未使用目标词条
[2026-08-17T16:20:31.870Z] be curious about	英文例句未使用目标词条
[2026-08-17T16:20:31.871Z] be curious to	英文例句未使用目标词条
[2026-08-17T16:20:31.871Z] be cut out for	英文例句未使用目标词条
[2026-08-17T16:20:31.872Z] be decorated with	英文例句未使用目标词条
[2026-08-17T16:20:31.873Z] be deficient in	英文例句未使用目标词条
[2026-08-17T16:20:31.873Z] be delighted to	英文例句未使用目标词条
[2026-08-17T16:20:43.102Z] be dependent on	英文例句未使用目标词条
[2026-08-17T16:20:43.103Z] be dependent upon	英文例句未使用目标词条
[2026-08-17T16:20:43.103Z] be depleted of	英文例句未使用目标词条
[2026-08-17T16:20:43.104Z] be designed to	英文例句未使用目标词条
[2026-08-17T16:20:43.104Z] be devoted to	英文例句未使用目标词条
[2026-08-17T16:20:43.105Z] be dissatisfied with	英文例句未使用目标词条
[2026-08-17T16:20:43.105Z] be distracted by	英文例句未使用目标词条
[2026-08-17T16:20:43.106Z] be doomed to	英文例句未使用目标词条
[2026-08-17T16:20:43.107Z] be dotted with	英文例句未使用目标词条
[2026-08-17T16:20:43.107Z] be doubtful about	英文例句未使用目标词条
[2026-08-17T16:22:40.004Z] be drafted into	英文例句未使用目标词条
[2026-08-17T16:22:40.005Z] be dressed in	英文例句未使用目标词条
[2026-08-17T16:22:40.006Z] be dying for	英文例句未使用目标词条
[2026-08-17T16:22:40.006Z] be dying to	英文例句未使用目标词条
[2026-08-17T16:22:40.007Z] be eager to	英文例句未使用目标词条
[2026-08-17T16:22:40.008Z] be embossed with	英文例句未使用目标词条
[2026-08-17T16:22:40.008Z] be engaged in	英文例句未使用目标词条
[2026-08-17T16:22:40.009Z] be engaged to	英文例句未使用目标词条
[2026-08-17T16:22:40.009Z] be enthusiastic about	英文例句未使用目标词条
[2026-08-17T16:22:40.010Z] be entitled to do	英文例句未使用目标词条
[2026-08-17T16:22:50.656Z] be envious of	英文例句未使用目标词条
[2026-08-17T16:22:50.656Z] be equipped with	英文例句未使用目标词条
[2026-08-17T16:22:50.657Z] be equivalent to	英文例句未使用目标词条
[2026-08-17T16:22:50.658Z] be essential for	英文例句未使用目标词条
[2026-08-17T16:22:50.658Z] be essential to	英文例句未使用目标词条
[2026-08-17T16:22:50.659Z] be exclusive of	英文例句未使用目标词条
[2026-08-17T16:22:50.659Z] be expected to	英文例句未使用目标词条
[2026-08-17T16:22:50.660Z] be expelled from	英文例句未使用目标词条
[2026-08-17T16:22:50.660Z] be experienced in	英文例句未使用目标词条
[2026-08-17T16:22:50.661Z] be familiar to	英文例句未使用目标词条
[2026-08-17T16:24:48.412Z] be familiar with	英文例句未使用目标词条
[2026-08-17T16:24:48.413Z] be famous as	英文例句未使用目标词条
[2026-08-17T16:24:48.413Z] be famous for	英文例句未使用目标词条
[2026-08-17T16:24:48.414Z] be far from	英文例句未使用目标词条
[2026-08-17T16:24:48.414Z] be fascinated by	英文例句未使用目标词条
[2026-08-17T16:24:48.415Z] be fed up with	英文例句未使用目标词条
[2026-08-17T16:24:48.415Z] be filled with	英文例句未使用目标词条
[2026-08-17T16:24:48.416Z] be filled with remorse	英文例句未使用目标词条
[2026-08-17T16:24:48.416Z] be fit for	英文例句未使用目标词条
[2026-08-17T16:24:48.417Z] be fit to	英文例句未使用目标词条
[2026-08-17T16:24:59.233Z] be flexible in	英文例句未使用目标词条
[2026-08-17T16:24:59.234Z] be flooded with	英文例句未使用目标词条
[2026-08-17T16:24:59.234Z] be fond of	英文例句未使用目标词条
[2026-08-17T16:24:59.235Z] be free from	英文例句未使用目标词条
[2026-08-17T16:24:59.235Z] be free of	英文例句未使用目标词条
[2026-08-17T16:24:59.236Z] be free with	英文例句未使用目标词条
[2026-08-17T16:24:59.236Z] be friendly to	英文例句未使用目标词条
[2026-08-17T16:24:59.237Z] be full of remorse	英文例句未使用目标词条
[2026-08-17T16:24:59.238Z] be furnished with	英文例句未使用目标词条
[2026-08-17T16:24:59.238Z] be fussy about	英文例句未使用目标词条
[2026-08-17T16:26:59.007Z] be given over to	英文例句未使用目标词条
[2026-08-17T16:26:59.008Z] be going to do	英文例句未使用目标词条
[2026-08-17T16:26:59.008Z] be good at	英文例句未使用目标词条
[2026-08-17T16:26:59.009Z] be good with	英文例句未使用目标词条
[2026-08-17T16:26:59.009Z] be happy with	英文例句未使用目标词条
[2026-08-17T16:26:59.010Z] be hard on	英文例句未使用目标词条
[2026-08-17T16:26:59.010Z] be head and shoulders above	英文例句未使用目标词条
[2026-08-17T16:26:59.011Z] be home to	英文例句未使用目标词条
[2026-08-17T16:26:59.011Z] be honored for	英文例句未使用目标词条
[2026-08-17T16:26:59.012Z] be ideal for	英文例句未使用目标词条
[2026-08-17T16:27:09.924Z] be identical to	英文例句未使用目标词条
[2026-08-17T16:27:09.924Z] be identical with	英文例句未使用目标词条
[2026-08-17T16:27:09.925Z] be ill in bed	英文例句未使用目标词条
[2026-08-17T16:27:09.926Z] be impatient with	英文例句未使用目标词条
[2026-08-17T16:27:09.926Z] be implicit in	英文例句未使用目标词条
[2026-08-17T16:27:09.927Z] be impressed by	英文例句未使用目标词条
[2026-08-17T16:27:09.927Z] be impressed with	英文例句未使用目标词条
[2026-08-17T16:27:09.928Z] be in	英文例句未使用目标词条
[2026-08-17T16:27:09.929Z] be in agreement	英文例句未使用目标词条
[2026-08-17T16:27:09.929Z] be in blossom	英文例句未使用目标词条
[2026-08-17T16:29:06.647Z] be in charge	英文例句未使用目标词条
[2026-08-17T16:29:06.647Z] be in charge of	英文例句未使用目标词条
[2026-08-17T16:29:06.648Z] be in cooperation with	英文例句未使用目标词条
[2026-08-17T16:29:06.649Z] be in danger	英文例句未使用目标词条
[2026-08-17T16:29:06.650Z] be in danger of	英文例句未使用目标词条
[2026-08-17T16:29:06.650Z] be in demand	英文例句未使用目标词条
[2026-08-17T16:29:06.651Z] be in dispute	英文例句未使用目标词条
[2026-08-17T16:29:06.651Z] be in doubt	英文例句未使用目标词条
[2026-08-17T16:29:06.652Z] be in embryo	英文例句未使用目标词条
[2026-08-17T16:29:06.652Z] be in full swing	英文例句未使用目标词条
[2026-08-17T16:29:17.371Z] be in good form	英文例句未使用目标词条
[2026-08-17T16:29:17.372Z] be in good health	英文例句未使用目标词条
[2026-08-17T16:29:17.372Z] be in good shape	英文例句未使用目标词条
[2026-08-17T16:29:17.373Z] be in hospital	英文例句未使用目标词条
[2026-08-17T16:29:17.373Z] be in one ear and out the other	英文例句未使用目标词条
[2026-08-17T16:29:17.374Z] be in one's shoes	英文例句未使用目标词条
[2026-08-17T16:29:17.374Z] be in one's way	英文例句未使用目标词条
[2026-08-17T16:29:17.375Z] be in opposition	英文例句未使用目标词条
[2026-08-17T16:29:17.375Z] be in opposition to	英文例句未使用目标词条
[2026-08-17T16:29:17.376Z] be in place	英文例句未使用目标词条
[2026-08-17T16:31:12.867Z] be in shape	英文例句未使用目标词条
[2026-08-17T16:31:12.868Z] be in the air	英文例句未使用目标词条
[2026-08-17T16:31:12.869Z] be in the balance	英文例句未使用目标词条
[2026-08-17T16:31:12.870Z] be in the dark	英文例句未使用目标词条
[2026-08-17T16:31:12.870Z] be in the mood	英文例句未使用目标词条
[2026-08-17T16:31:12.871Z] be in the saddle	英文例句未使用目标词条
[2026-08-17T16:31:12.871Z] be in the way	英文例句未使用目标词条
[2026-08-17T16:31:12.872Z] be in the wrong	英文例句未使用目标词条
[2026-08-17T16:31:12.872Z] be in use	英文例句未使用目标词条
[2026-08-17T16:31:23.590Z] be incapacitated with	英文例句未使用目标词条
[2026-08-17T16:31:23.591Z] be inclined to	英文例句未使用目标词条
[2026-08-17T16:31:23.591Z] be incompatible with	英文例句未使用目标词条
[2026-08-17T16:31:23.592Z] be indicative of	英文例句未使用目标词条
[2026-08-17T16:31:23.592Z] be indispensable for	英文例句未使用目标词条
[2026-08-17T16:31:23.593Z] be indispensable to	英文例句未使用目标词条
[2026-08-17T16:31:23.593Z] be inferior to	英文例句未使用目标词条
[2026-08-17T16:31:23.594Z] be innocent of	英文例句未使用目标词条
[2026-08-17T16:31:23.594Z] be instrumental in	英文例句未使用目标词条
[2026-08-17T16:31:23.595Z] be intent on	英文例句未使用目标词条
[2026-08-17T16:33:23.257Z] be involved in	英文例句未使用目标词条
[2026-08-17T16:33:23.258Z] be irrespective of	英文例句未使用目标词条
[2026-08-17T16:33:23.258Z] be isolated from	英文例句未使用目标词条
[2026-08-17T16:33:23.259Z] be keen about	英文例句未使用目标词条
[2026-08-17T16:33:23.259Z] be keen on	英文例句未使用目标词条
[2026-08-17T16:33:23.260Z] be kidding	英文例句未使用目标词条
[2026-08-17T16:33:23.260Z] be known as	英文例句未使用目标词条
[2026-08-17T16:33:23.261Z] be known for	英文例句未使用目标词条
[2026-08-17T16:33:23.262Z] be late for	英文例句未使用目标词条
[2026-08-17T16:33:23.262Z] be liable for	英文例句未使用目标词条
[2026-08-17T16:33:34.139Z] be liable to	英文例句未使用目标词条
[2026-08-17T16:33:34.139Z] be likely to	英文例句未使用目标词条
[2026-08-17T16:33:34.140Z] be likely to do	英文例句未使用目标词条
[2026-08-17T16:33:34.140Z] be limited to	英文例句未使用目标词条
[2026-08-17T16:33:34.141Z] be linked to	英文例句未使用目标词条
[2026-08-17T16:33:34.142Z] be located at	英文例句未使用目标词条
[2026-08-17T16:33:34.142Z] be located in	英文例句未使用目标词条
[2026-08-17T16:33:34.143Z] be located on	英文例句未使用目标词条
[2026-08-17T16:33:34.143Z] be lost in	英文例句未使用目标词条
[2026-08-17T16:33:34.144Z] be loyal to	英文例句未使用目标词条
[2026-08-17T16:35:31.430Z] be mad about	英文例句未使用目标词条
[2026-08-17T16:35:31.431Z] be mad at	英文例句未使用目标词条
[2026-08-17T16:35:31.431Z] be made from	英文例句未使用目标词条
[2026-08-17T16:35:31.432Z] be made in	英文例句未使用目标词条
[2026-08-17T16:35:31.432Z] be made into	英文例句未使用目标词条
[2026-08-17T16:35:31.433Z] be made out of	英文例句未使用目标词条
[2026-08-17T16:35:31.433Z] be made up of	英文例句未使用目标词条
[2026-08-17T16:35:31.434Z] be married to	英文例句未使用目标词条
[2026-08-17T16:35:31.435Z] be meant to	英文例句未使用目标词条
[2026-08-17T16:35:31.435Z] be motivated to do	英文例句未使用目标词条
[2026-08-17T16:35:42.165Z] be moved by	英文例句未使用目标词条
[2026-08-17T16:35:42.166Z] be nervous about	英文例句未使用目标词条
[2026-08-17T16:35:42.166Z] be nervous of	英文例句未使用目标词条
[2026-08-17T16:35:42.167Z] be not in the mood	英文例句未使用目标词条
[2026-08-17T16:35:42.167Z] be notorious for	英文例句未使用目标词条
[2026-08-17T16:35:42.168Z] be obsessed with	英文例句未使用目标词条
[2026-08-17T16:35:42.169Z] be occupied with	英文例句未使用目标词条
[2026-08-17T16:35:42.169Z] be off	英文例句未使用目标词条
[2026-08-17T16:35:42.170Z] be off guard	英文例句未使用目标词条
[2026-08-17T16:35:42.170Z] be off one's guard	英文例句未使用目标词条
[2026-08-17T16:37:43.474Z] be off the track	英文例句未使用目标词条
[2026-08-17T16:37:43.474Z] be on	英文例句未使用目标词条
[2026-08-17T16:37:43.475Z] be on a diet	英文例句未使用目标词条
[2026-08-17T16:37:43.476Z] be on medication	英文例句未使用目标词条
[2026-08-17T16:37:43.476Z] be on one's guard	英文例句未使用目标词条
[2026-08-17T16:37:43.477Z] be on sale	英文例句未使用目标词条
[2026-08-17T16:37:43.477Z] be on speaking terms	英文例句未使用目标词条
[2026-08-17T16:37:43.478Z] be on the increase	英文例句未使用目标词条
[2026-08-17T16:37:43.478Z] be on the job	英文例句未使用目标词条
[2026-08-17T16:37:43.479Z] be on the point of	英文例句未使用目标词条
[2026-08-17T16:37:54.533Z] be open to	英文例句未使用目标词条
[2026-08-17T16:37:54.534Z] be opposed to	英文例句未使用目标词条
[2026-08-17T16:37:54.534Z] be optimistic about	英文例句未使用目标词条
[2026-08-17T16:37:54.535Z] be out of action	英文例句未使用目标词条
[2026-08-17T16:37:54.535Z] be out of breath	英文例句未使用目标词条
[2026-08-17T16:37:54.536Z] be out of condition	英文例句未使用目标词条
[2026-08-17T16:37:54.536Z] be out of control	英文例句未使用目标词条
[2026-08-17T16:37:54.537Z] be out of date	英文例句未使用目标词条
[2026-08-17T16:37:54.537Z] be out of focus	英文例句未使用目标词条
[2026-08-17T16:37:54.538Z] be out of print	英文例句未使用目标词条
[2026-08-17T16:39:50.485Z] be out of sight	英文例句未使用目标词条
[2026-08-17T16:39:50.486Z] be out of stock	英文例句未使用目标词条
[2026-08-17T16:39:50.487Z] be out of temper	英文例句未使用目标词条
[2026-08-17T16:39:50.488Z] be out of touch	英文例句未使用目标词条
[2026-08-17T16:39:50.488Z] be out of work	英文例句未使用目标词条
[2026-08-17T16:39:50.489Z] be packed with	英文例句未使用目标词条
[2026-08-17T16:39:50.489Z] be parallel to	英文例句未使用目标词条
[2026-08-17T16:39:50.490Z] be partial to	英文例句未使用目标词条
[2026-08-17T16:39:50.490Z] be particular about	英文例句未使用目标词条
[2026-08-17T16:39:50.491Z] be patient with	英文例句未使用目标词条
[2026-08-17T16:40:01.371Z] be pleased at	英文例句未使用目标词条
[2026-08-17T16:40:01.371Z] be pleased with	英文例句未使用目标词条
[2026-08-17T16:40:01.372Z] be poor in	英文例句未使用目标词条
[2026-08-17T16:40:01.372Z] be popular among	英文例句未使用目标词条
[2026-08-17T16:40:01.373Z] be popular with	英文例句未使用目标词条
[2026-08-17T16:40:01.373Z] be prepared to do	英文例句未使用目标词条
[2026-08-17T16:40:01.374Z] be prone to	英文例句未使用目标词条
[2026-08-17T16:40:01.375Z] be proud about	英文例句未使用目标词条
[2026-08-17T16:40:01.375Z] be proud to	英文例句未使用目标词条
[2026-08-17T16:40:01.375Z] be pumped out	英文例句未使用目标词条
[2026-08-17T16:41:58.085Z] be puzzled by	英文例句未使用目标词条
[2026-08-17T16:41:58.086Z] be ready for	英文例句未使用目标词条
[2026-08-17T16:41:58.087Z] be related to	英文例句未使用目标词条
[2026-08-17T16:41:58.087Z] be relative to	英文例句未使用目标词条
[2026-08-17T16:41:58.088Z] be relevant to	英文例句未使用目标词条
[2026-08-17T16:41:58.088Z] be relieved to	英文例句未使用目标词条
[2026-08-17T16:41:58.089Z] be reluctant to	英文例句未使用目标词条
[2026-08-17T16:41:58.089Z] be remarkable for	英文例句未使用目标词条
[2026-08-17T16:41:58.090Z] be responsible for	英文例句未使用目标词条
[2026-08-17T16:41:58.090Z] be responsible to	英文例句未使用目标词条
[2026-08-17T16:42:08.719Z] be restricted to	英文例句未使用目标词条
[2026-08-17T16:42:08.720Z] be rich in	英文例句未使用目标词条
[2026-08-17T16:42:08.721Z] be sad for	英文例句未使用目标词条
[2026-08-17T16:42:08.721Z] be satisfied with	英文例句未使用目标词条
[2026-08-17T16:42:08.722Z] be scanned into digital files	英文例句未使用目标词条
[2026-08-17T16:42:08.722Z] be scared of	英文例句未使用目标词条
[2026-08-17T16:42:08.723Z] be scared to death	英文例句未使用目标词条
[2026-08-17T16:42:08.723Z] be scheduled for	英文例句未使用目标词条
[2026-08-17T16:42:08.724Z] be secure from	英文例句未使用目标词条
[2026-08-17T16:42:08.724Z] be sensitive to	英文例句未使用目标词条
[2026-08-17T16:44:11.035Z] be sentenced to death	英文例句未使用目标词条
[2026-08-17T16:44:11.035Z] be serious about	英文例句未使用目标词条
[2026-08-17T16:44:11.036Z] be shocked to do	英文例句未使用目标词条
[2026-08-17T16:44:11.037Z] be short for	英文例句未使用目标词条
[2026-08-17T16:44:11.037Z] be short of	英文例句未使用目标词条
[2026-08-17T16:44:11.038Z] be shouted at	英文例句未使用目标词条
[2026-08-17T16:44:11.039Z] be sick of	英文例句未使用目标词条
[2026-08-17T16:44:11.039Z] be sick with	英文例句未使用目标词条
[2026-08-17T16:44:11.040Z] be similar	英文例句未使用目标词条
[2026-08-17T16:44:11.040Z] be similar to	英文例句未使用目标词条
[2026-08-17T16:44:22.461Z] be skeptical about	英文例句未使用目标词条
[2026-08-17T16:44:22.462Z] be sorry for	英文例句未使用目标词条
[2026-08-17T16:44:22.463Z] be strange to	英文例句未使用目标词条
[2026-08-17T16:44:22.463Z] be stressed out	英文例句未使用目标词条
[2026-08-17T16:44:22.464Z] be strict in	英文例句未使用目标词条
[2026-08-17T16:44:22.464Z] be strict with	英文例句未使用目标词条
[2026-08-17T16:44:22.465Z] be stuck	英文例句未使用目标词条
[2026-08-17T16:44:22.465Z] be stuck in	英文例句未使用目标词条
[2026-08-17T16:44:22.466Z] be stuck on	英文例句未使用目标词条
[2026-08-17T16:44:22.466Z] be stuck with	英文例句未使用目标词条
[2026-08-17T16:46:20.215Z] be suitable for	英文例句未使用目标词条
[2026-08-17T16:46:20.216Z] be suited to	英文例句未使用目标词条
[2026-08-17T16:46:20.216Z] be superior to	英文例句未使用目标词条
[2026-08-17T16:46:20.217Z] be supposed to	英文例句未使用目标词条
[2026-08-17T16:46:20.218Z] be supposed to do	英文例句未使用目标词条
[2026-08-17T16:46:20.218Z] be sure about	英文例句未使用目标词条
[2026-08-17T16:46:20.219Z] be sure of	英文例句未使用目标词条
[2026-08-17T16:46:20.219Z] be sure to	英文例句未使用目标词条
[2026-08-17T16:46:20.220Z] be surprised at	英文例句未使用目标词条
[2026-08-17T16:46:20.220Z] be surprised to	英文例句未使用目标词条
[2026-08-17T16:46:31.067Z] be susceptible to	英文例句未使用目标词条
[2026-08-17T16:46:31.067Z] be suspicious of	英文例句未使用目标词条
[2026-08-17T16:46:31.068Z] be swamped with	英文例句未使用目标词条
[2026-08-17T16:46:31.068Z] be sympathetic to	英文例句未使用目标词条
[2026-08-17T16:46:31.069Z] be taken aback	英文例句未使用目标词条
[2026-08-17T16:46:31.069Z] be taken to court	英文例句未使用目标词条
[2026-08-17T16:46:31.070Z] be talented in	英文例句未使用目标词条
[2026-08-17T16:46:31.070Z] be teeming with	英文例句未使用目标词条
[2026-08-17T16:46:31.071Z] be terrified of	英文例句未使用目标词条
[2026-08-17T16:46:31.072Z] be through	英文例句未使用目标词条
[2026-08-17T16:48:27.739Z] be through with	英文例句未使用目标词条
[2026-08-17T16:48:27.740Z] be tired from	英文例句未使用目标词条
[2026-08-17T16:48:27.740Z] be tired of	英文例句未使用目标词条
[2026-08-17T16:48:27.741Z] be tired out	英文例句未使用目标词条
[2026-08-17T16:48:27.741Z] be to blame	英文例句未使用目标词条
[2026-08-17T16:48:27.742Z] be told to do	英文例句未使用目标词条
[2026-08-17T16:48:27.742Z] be true of	英文例句未使用目标词条
[2026-08-17T16:48:27.743Z] be unaware of	英文例句未使用目标词条
[2026-08-17T16:48:27.744Z] be under control	英文例句未使用目标词条
[2026-08-17T16:48:27.744Z] be under way	英文例句未使用目标词条
[2026-08-17T16:48:38.259Z] be unfamiliar to	英文例句未使用目标词条
[2026-08-17T16:48:38.260Z] be unfamiliar with	英文例句未使用目标词条
[2026-08-17T16:48:38.261Z] be unique to	英文例句未使用目标词条
[2026-08-17T16:48:38.261Z] be unwilling to do	英文例句未使用目标词条
[2026-08-17T16:48:38.262Z] be up to	英文例句未使用目标词条
[2026-08-17T16:48:38.262Z] be up to date	英文例句未使用目标词条
[2026-08-17T16:48:38.263Z] be up to the minute	英文例句未使用目标词条
[2026-08-17T16:48:38.263Z] be used for	英文例句未使用目标词条
[2026-08-17T16:48:38.264Z] be used to	英文例句未使用目标词条
[2026-08-17T16:48:38.265Z] be used to do	英文例句未使用目标词条
[2026-08-17T16:50:34.368Z] be used to doing	英文例句未使用目标词条
[2026-08-17T16:50:34.369Z] be vital to	英文例句未使用目标词条
[2026-08-17T16:50:34.370Z] be weary of	英文例句未使用目标词条
[2026-08-17T16:50:34.370Z] be well off	英文例句未使用目标词条
[2026-08-17T16:50:34.371Z] be willing to	英文例句未使用目标词条
[2026-08-17T16:50:34.371Z] be without compare	英文例句未使用目标词条
[2026-08-17T16:50:34.372Z] be worn out	英文例句未使用目标词条
[2026-08-17T16:50:34.372Z] be worried about	英文例句未使用目标词条
[2026-08-17T16:50:34.373Z] be worth doing	英文例句未使用目标词条
[2026-08-17T16:50:34.373Z] be worthy of	英文例句未使用目标词条
[2026-08-17T16:50:45.119Z] be worthy to	英文例句未使用目标词条
[2026-08-17T16:50:45.119Z] belong to	英文例句未使用目标词条
[2026-08-17T16:50:45.120Z] benefit by	英文例句未使用目标词条
[2026-08-17T16:50:45.121Z] beyond one's control	英文例句未使用目标词条
[2026-08-17T16:50:45.121Z] blow away	英文例句未使用目标词条
[2026-08-17T16:50:45.122Z] blow up	英文例句未使用目标词条
[2026-08-17T16:50:45.122Z] boast about	英文例句未使用目标词条
[2026-08-17T16:50:45.123Z] boast of	英文例句未使用目标词条
[2026-08-17T16:50:45.123Z] break in	英文例句未使用目标词条
[2026-08-17T16:50:45.124Z] break into	英文例句未使用目标词条
[2026-08-17T16:52:45.717Z] break into pieces	英文例句未使用目标词条
[2026-08-17T16:52:45.718Z] break off	英文例句未使用目标词条
[2026-08-17T16:52:45.719Z] break one's heart	英文例句未使用目标词条
[2026-08-17T16:52:45.719Z] break one's promise	英文例句未使用目标词条
[2026-08-17T16:52:45.720Z] break out	英文例句未使用目标词条
[2026-08-17T16:52:45.720Z] break out into	英文例句未使用目标词条
[2026-08-17T16:52:45.720Z] break records	英文例句未使用目标词条
[2026-08-17T16:52:45.721Z] break the record	英文例句未使用目标词条
[2026-08-17T16:52:45.721Z] break through	英文例句未使用目标词条
[2026-08-17T16:52:45.722Z] break up	英文例句未使用目标词条
[2026-08-17T16:52:56.714Z] bring an end to	英文例句未使用目标词条
[2026-08-17T16:52:56.715Z] bring down	英文例句未使用目标词条
[2026-08-17T16:52:56.716Z] bring home the bacon	英文例句未使用目标词条
[2026-08-17T16:52:56.716Z] bring in	英文例句未使用目标词条
[2026-08-17T16:52:56.717Z] bring off	英文例句未使用目标词条
[2026-08-17T16:52:56.717Z] bring out	英文例句未使用目标词条
[2026-08-17T16:52:56.718Z] bring through	英文例句未使用目标词条
[2026-08-17T16:52:56.719Z] bring to justice	英文例句未使用目标词条
[2026-08-17T16:52:56.719Z] bring up	英文例句未使用目标词条
[2026-08-17T16:52:56.719Z] brood on	英文例句未使用目标词条
[2026-08-17T16:54:54.364Z] brush aside	英文例句未使用目标词条
[2026-08-17T16:54:54.365Z] brush off	英文例句未使用目标词条
[2026-08-17T16:54:54.366Z] brush up lessons	英文例句未使用目标词条
[2026-08-17T16:54:54.366Z] buck for	英文例句未使用目标词条
[2026-08-17T16:54:54.367Z] build on	英文例句未使用目标词条
[2026-08-17T16:54:54.367Z] build up one's confidence	英文例句未使用目标词条
[2026-08-17T16:54:54.368Z] bump against	英文例句未使用目标词条
[2026-08-17T16:54:54.369Z] bump into	英文例句未使用目标词条
[2026-08-17T16:54:54.369Z] burn one's bridges	英文例句未使用目标词条
[2026-08-17T16:55:05.869Z] buzz about	英文例句未使用目标词条
[2026-08-17T16:55:05.870Z] buzz around	英文例句未使用目标词条
[2026-08-17T16:55:05.870Z] by turns	英文例句未使用目标词条
[2026-08-17T16:55:05.871Z] call about	英文例句未使用目标词条
[2026-08-17T16:55:05.871Z] call in	英文例句未使用目标词条
[2026-08-17T16:55:05.872Z] call on	英文例句未使用目标词条
[2026-08-17T16:55:05.872Z] call out	英文例句未使用目标词条
[2026-08-17T16:55:05.873Z] call up	英文例句未使用目标词条
[2026-08-17T16:55:05.873Z] can't help doing	英文例句未使用目标词条
[2026-08-17T16:55:05.874Z] cannot help doing	英文例句未使用目标词条
[2026-08-17T16:57:03.213Z] carry away	英文例句未使用目标词条
[2026-08-17T16:57:03.213Z] carve out	英文例句未使用目标词条
[2026-08-17T16:57:03.214Z] catch	英文例句未使用目标词条
[2026-08-17T16:57:03.214Z] catch a cold	英文例句未使用目标词条
[2026-08-17T16:57:03.215Z] catch a glimpse of	英文例句未使用目标词条
[2026-08-17T16:57:03.215Z] catch cold	英文例句未使用目标词条
[2026-08-17T16:57:03.216Z] catch fire	英文例句未使用目标词条
[2026-08-17T16:57:03.216Z] catch hold of	英文例句未使用目标词条
[2026-08-17T16:57:03.217Z] catch on	英文例句未使用目标词条
[2026-08-17T16:57:13.140Z] catch one's breath	英文例句未使用目标词条
[2026-08-17T16:57:13.141Z] catch one's eye	英文例句未使用目标词条
[2026-08-17T16:57:13.142Z] catch sight of	英文例句未使用目标词条
[2026-08-17T16:57:13.142Z] change one's mind	英文例句未使用目标词条
[2026-08-17T16:57:13.143Z] chase up	英文例句未使用目标词条
[2026-08-17T16:57:13.143Z] check out	英文例句未使用目标词条
[2026-08-17T16:57:13.144Z] chronical	英文例句未使用目标词条
[2026-08-17T16:57:13.144Z] clear away	英文例句未使用目标词条
[2026-08-17T16:57:13.145Z] clear up	英文例句未使用目标词条
[2026-08-17T16:59:10.452Z] come across	英文例句未使用目标词条
[2026-08-17T16:59:10.453Z] come after	英文例句未使用目标词条
[2026-08-17T16:59:10.453Z] come apart	英文例句未使用目标词条
[2026-08-17T16:59:10.454Z] come around	英文例句未使用目标词条
[2026-08-17T16:59:10.455Z] come at	英文例句未使用目标词条
[2026-08-17T16:59:10.455Z] come away from	英文例句未使用目标词条
[2026-08-17T16:59:10.455Z] come back	英文例句未使用目标词条
[2026-08-17T16:59:10.456Z] come by	英文例句未使用目标词条
[2026-08-17T16:59:10.456Z] come down	英文例句未使用目标词条
[2026-08-17T16:59:21.274Z] come down to	英文例句未使用目标词条
[2026-08-17T16:59:21.275Z] come down with	英文例句未使用目标词条
[2026-08-17T16:59:21.275Z] come from	英文例句未使用目标词条
[2026-08-17T16:59:21.276Z] come in	英文例句未使用目标词条
[2026-08-17T16:59:21.276Z] come in contact with	英文例句未使用目标词条
[2026-08-17T16:59:21.277Z] come in for	英文例句未使用目标词条
[2026-08-17T16:59:21.277Z] come into being	英文例句未使用目标词条
[2026-08-17T16:59:21.277Z] come into existence	英文例句未使用目标词条
[2026-08-17T16:59:21.278Z] come into view	英文例句未使用目标词条
[2026-08-17T16:59:21.278Z] come off	英文例句未使用目标词条
[2026-08-17T17:01:15.665Z] come on	英文例句未使用目标词条
[2026-08-17T17:01:15.666Z] come on to	英文例句未使用目标词条
[2026-08-17T17:01:15.667Z] come out on top	英文例句未使用目标词条
[2026-08-17T17:01:15.667Z] come out with	英文例句未使用目标词条
[2026-08-17T17:01:15.668Z] come round	英文例句未使用目标词条
[2026-08-17T17:01:15.668Z] come through	英文例句未使用目标词条
[2026-08-17T17:01:15.669Z] come to	英文例句未使用目标词条
[2026-08-17T17:01:15.669Z] come to an end	英文例句未使用目标词条
[2026-08-17T17:01:15.670Z] come to blows	英文例句未使用目标词条
[2026-08-17T17:01:24.783Z] come to nothing	英文例句未使用目标词条
[2026-08-17T17:01:24.784Z] come to one's senses	英文例句未使用目标词条
[2026-08-17T17:01:24.785Z] come to oneself	英文例句未使用目标词条
[2026-08-17T17:01:24.785Z] come to terms	英文例句未使用目标词条
[2026-08-17T17:01:24.786Z] come to the fore	英文例句未使用目标词条
[2026-08-17T17:01:24.786Z] come up	英文例句未使用目标词条
[2026-08-17T17:01:24.786Z] come up against	英文例句未使用目标词条
[2026-08-17T17:01:24.787Z] come up with	英文例句未使用目标词条
[2026-08-17T17:03:11.118Z] complain about	英文例句未使用目标词条
[2026-08-17T17:03:11.119Z] complain of	英文例句未使用目标词条
[2026-08-17T17:03:11.120Z] concern with	英文例句未使用目标词条
[2026-08-17T17:03:11.120Z] confer on	英文例句未使用目标词条
[2026-08-17T17:03:11.121Z] confess to	英文例句未使用目标词条
[2026-08-17T17:03:11.121Z] confide in	英文例句未使用目标词条
[2026-08-17T17:03:11.122Z] confine oneself to doing	英文例句未使用目标词条
[2026-08-17T17:03:20.634Z] congratulate on	英文例句未使用目标词条
[2026-08-17T17:03:20.634Z] congratulate upon	英文例句未使用目标词条
[2026-08-17T17:03:20.635Z] consider as	英文例句未使用目标词条
[2026-08-17T17:03:20.636Z] consist in	英文例句未使用目标词条
[2026-08-17T17:03:20.636Z] consist of	英文例句未使用目标词条
[2026-08-17T17:03:20.637Z] consume with	英文例句未使用目标词条
[2026-08-17T17:03:20.637Z] contribute to	英文例句未使用目标词条
[2026-08-17T17:03:20.638Z] convert to	英文例句未使用目标词条
[2026-08-17T17:03:20.638Z] couldn't help doing	英文例句未使用目标词条
[2026-08-17T17:05:22.417Z] count in	英文例句未使用目标词条
[2026-08-17T17:05:22.418Z] count up	英文例句未使用目标词条
[2026-08-17T17:05:22.418Z] cover an area of	英文例句未使用目标词条
[2026-08-17T17:05:22.419Z] crack down	英文例句未使用目标词条
[2026-08-17T17:05:22.419Z] crack up	英文例句未使用目标词条
[2026-08-17T17:05:22.419Z] crash down	英文例句未使用目标词条
[2026-08-17T17:05:22.420Z] crash into	英文例句未使用目标词条
[2026-08-17T17:05:22.420Z] cross-examine	英文例句未使用目标词条
[2026-08-17T17:05:22.421Z] cry out	英文例句未使用目标词条
[2026-08-17T17:05:22.421Z] cry out for	英文例句未使用目标词条
[2026-08-17T17:05:33.306Z] curd	英文例句未使用目标词条
[2026-08-17T17:05:33.307Z] dance to	英文例句未使用目标词条
[2026-08-17T17:05:33.308Z] dare to	英文例句未使用目标词条
[2026-08-17T17:05:33.309Z] dash off	英文例句未使用目标词条
[2026-08-17T17:05:33.309Z] date from	英文例句未使用目标词条
[2026-08-17T17:05:33.310Z] debate with	英文例句未使用目标词条
[2026-08-17T17:05:33.310Z] decide on	英文例句未使用目标词条
[2026-08-17T17:05:33.311Z] decide upon	英文例句未使用目标词条
[2026-08-17T17:05:33.311Z] declare for	英文例句未使用目标词条
[2026-08-17T17:05:33.312Z] declare war against	英文例句未使用目标词条
[2026-08-17T17:07:30.894Z] declare war on	英文例句未使用目标词条
[2026-08-17T17:07:30.895Z] dedicate one's energy to	英文例句未使用目标词条
[2026-08-17T17:07:30.896Z] dedicate to	英文例句未使用目标词条
[2026-08-17T17:07:30.897Z] deliver a speech	英文例句未使用目标词条
[2026-08-17T17:07:30.897Z] deliver a verdict	英文例句未使用目标词条
[2026-08-17T17:07:30.898Z] deliver an address	英文例句未使用目标词条
[2026-08-17T17:07:30.898Z] deposit a layer of sediment	英文例句未使用目标词条
[2026-08-17T17:07:30.899Z] deprive of	英文例句未使用目标词条
[2026-08-17T17:07:30.899Z] derive from	英文例句未使用目标词条
[2026-08-17T17:07:30.900Z] descend on	英文例句未使用目标词条
[2026-08-17T17:07:40.892Z] descend upon	英文例句未使用目标词条
[2026-08-17T17:07:40.892Z] devote oneself to	英文例句未使用目标词条
[2026-08-17T17:07:40.893Z] devote to	英文例句未使用目标词条
[2026-08-17T17:07:40.893Z] die away	英文例句未使用目标词条
[2026-08-17T17:07:40.894Z] die down	英文例句未使用目标词条
[2026-08-17T17:07:40.894Z] die for	英文例句未使用目标词条
[2026-08-17T17:07:40.895Z] die from	英文例句未使用目标词条
[2026-08-17T17:07:40.895Z] die of	英文例句未使用目标词条
[2026-08-17T17:07:40.896Z] die out	英文例句未使用目标词条
[2026-08-17T17:09:38.534Z] dispute against	英文例句未使用目标词条
[2026-08-17T17:09:38.535Z] distort the original meaning	英文例句未使用目标词条
[2026-08-17T17:09:38.536Z] distract from	英文例句未使用目标词条
[2026-08-17T17:09:38.537Z] divide into	英文例句未使用目标词条
[2026-08-17T17:09:38.537Z] do a bunk	英文例句未使用目标词条
[2026-08-17T17:09:38.538Z] do a good deed	英文例句未使用目标词条
[2026-08-17T17:09:38.538Z] do good deeds	英文例句未使用目标词条
[2026-08-17T17:09:38.539Z] do housework	英文例句未使用目标词条
[2026-08-17T17:09:38.539Z] do justice to	英文例句未使用目标词条
[2026-08-17T17:09:38.540Z] do one's best	英文例句未使用目标词条
[2026-08-17T17:09:49.116Z] do one's homework	英文例句未使用目标词条
[2026-08-17T17:09:49.117Z] do one's utmost	英文例句未使用目标词条
[2026-08-17T17:09:49.117Z] do well in	英文例句未使用目标词条
[2026-08-17T17:09:49.118Z] doze off	英文例句未使用目标词条
[2026-08-17T17:09:49.119Z] drag on	英文例句未使用目标词条
[2026-08-17T17:09:49.120Z] drag one's feet on	英文例句未使用目标词条
[2026-08-17T17:09:49.120Z] drag out	英文例句未使用目标词条
[2026-08-17T17:09:49.121Z] draw away	英文例句未使用目标词条
[2026-08-17T17:09:49.121Z] draw in	英文例句未使用目标词条
[2026-08-17T17:09:49.122Z] draw on	英文例句未使用目标词条
[2026-08-17T17:11:44.997Z] draw out	英文例句未使用目标词条
[2026-08-17T17:11:44.997Z] draw the line	英文例句未使用目标词条
[2026-08-17T17:11:44.998Z] dream of	英文例句未使用目标词条
[2026-08-17T17:11:44.998Z] dress up	英文例句未使用目标词条
[2026-08-17T17:11:44.999Z] drink in	英文例句未使用目标词条
[2026-08-17T17:11:44.999Z] drive away	英文例句未使用目标词条
[2026-08-17T17:11:45.000Z] drive home	英文例句未使用目标词条
[2026-08-17T17:11:45.001Z] drive out	英文例句未使用目标词条
[2026-08-17T17:11:45.001Z] drop back	英文例句未使用目标词条
[2026-08-17T17:11:55.926Z] drop behind	英文例句未使用目标词条
[2026-08-17T17:11:55.926Z] drop down	英文例句未使用目标词条
[2026-08-17T17:11:55.927Z] drop in	英文例句未使用目标词条
[2026-08-17T17:11:55.927Z] drop off	英文例句未使用目标词条
[2026-08-17T17:11:55.928Z] drown out	英文例句未使用目标词条
[2026-08-17T17:11:55.928Z] drum up	英文例句未使用目标词条
[2026-08-17T17:11:55.929Z] dry up	英文例句未使用目标词条
[2026-08-17T17:11:55.929Z] earn a living	英文例句未使用目标词条
[2026-08-17T17:11:55.930Z] earn one's living	英文例句未使用目标词条
[2026-08-17T17:11:55.930Z] ease off	英文例句未使用目标词条
[2026-08-17T17:13:54.180Z] eat away	英文例句未使用目标词条
[2026-08-17T17:13:54.180Z] eat one's words	英文例句未使用目标词条
[2026-08-17T17:13:54.181Z] eat up	英文例句未使用目标词条
[2026-08-17T17:13:54.181Z] emerge from	英文例句未使用目标词条
[2026-08-17T17:13:54.182Z] emphasize on	英文例句未使用目标词条
[2026-08-17T17:13:54.182Z] empty into	英文例句未使用目标词条
[2026-08-17T17:13:54.183Z] encounter danger	英文例句未使用目标词条
[2026-08-17T17:13:54.183Z] encounter difficulties	英文例句未使用目标词条
[2026-08-17T17:13:54.184Z] encounter opposition	英文例句未使用目标词条
[2026-08-17T17:13:54.184Z] end in	英文例句未使用目标词条
[2026-08-17T17:14:04.587Z] end up	英文例句未使用目标词条
[2026-08-17T17:14:04.587Z] end with	英文例句未使用目标词条
[2026-08-17T17:14:04.588Z] endow with	英文例句未使用目标词条
[2026-08-17T17:14:04.588Z] enjoy a superb reputation	英文例句未使用目标词条
[2026-08-17T17:14:04.589Z] enjoy oneself	英文例句未使用目标词条
[2026-08-17T17:14:04.590Z] enquire into	英文例句未使用目标词条
[2026-08-17T17:14:04.590Z] enter for	英文例句未使用目标词条
[2026-08-17T17:14:04.591Z] enter into	英文例句未使用目标词条
[2026-08-17T17:14:04.591Z] equip with	英文例句未使用目标词条
[2026-08-17T17:14:04.592Z] ex-	英文例句未使用目标词条
[2026-08-17T17:16:03.715Z] exchange greetings	英文例句未使用目标词条
[2026-08-17T17:16:03.716Z] exhaust a subject	英文例句未使用目标词条
[2026-08-17T17:16:03.717Z] exhaust oneself	英文例句未使用目标词条
[2026-08-17T17:16:03.717Z] fade out	英文例句未使用目标词条
[2026-08-17T17:16:03.718Z] fail in	英文例句未使用目标词条
[2026-08-17T17:16:03.718Z] fail to	英文例句未使用目标词条
[2026-08-17T17:16:03.718Z] fall down	英文例句未使用目标词条
[2026-08-17T17:16:03.719Z] fall for	英文例句未使用目标词条
[2026-08-17T17:16:03.720Z] fall ill	英文例句未使用目标词条
[2026-08-17T17:16:03.720Z] fall into a habit of	英文例句未使用目标词条
[2026-08-17T17:16:14.910Z] fall into the habit of	英文例句未使用目标词条
[2026-08-17T17:16:14.911Z] fall off	英文例句未使用目标词条
[2026-08-17T17:16:14.911Z] fall on	英文例句未使用目标词条
[2026-08-17T17:16:14.912Z] fall out	英文例句未使用目标词条
[2026-08-17T17:16:14.912Z] fall over	英文例句未使用目标词条
[2026-08-17T17:16:14.913Z] fall prey to	英文例句未使用目标词条
[2026-08-17T17:16:14.913Z] fall short of	英文例句未使用目标词条
[2026-08-17T17:16:14.914Z] fall through	英文例句未使用目标词条
[2026-08-17T17:16:14.914Z] fall to	英文例句未使用目标词条
[2026-08-17T17:16:14.915Z] fall upon	英文例句未使用目标词条
[2026-08-17T17:18:16.355Z] feed up	英文例句未使用目标词条
[2026-08-17T17:18:16.355Z] feel	英文例句未使用目标词条
[2026-08-17T17:18:16.356Z] feel content with	英文例句未使用目标词条
[2026-08-17T17:18:16.356Z] feel free to do	英文例句未使用目标词条
[2026-08-17T17:18:16.357Z] feel one's way	英文例句未使用目标词条
[2026-08-17T17:18:16.357Z] fetch up	英文例句未使用目标词条
[2026-08-17T17:18:16.358Z] fight down	英文例句未使用目标词条
[2026-08-17T17:18:16.358Z] fill up with	英文例句未使用目标词条
[2026-08-17T17:18:16.359Z] fill with	英文例句未使用目标词条
[2026-08-17T17:18:16.359Z] finalize one's plan	英文例句未使用目标词条
[2026-08-17T17:18:27.597Z] find fault with	英文例句未使用目标词条
[2026-08-17T17:18:27.598Z] find it's difficult to do	英文例句未使用目标词条
[2026-08-17T17:18:27.599Z] finish off	英文例句未使用目标词条
[2026-08-17T17:18:27.599Z] fish for	英文例句未使用目标词条
[2026-08-17T17:18:27.600Z] fix on	英文例句未使用目标词条
[2026-08-17T17:18:27.601Z] flag down	英文例句未使用目标词条
[2026-08-17T17:18:27.601Z] fling	英文例句未使用目标词条
[2026-08-17T17:18:27.602Z] focus on	英文例句未使用目标词条
[2026-08-17T17:18:27.602Z] fold up	英文例句未使用目标词条
[2026-08-17T17:18:27.603Z] follow one's advice	英文例句未使用目标词条
[2026-08-17T17:20:22.949Z] follow through	英文例句未使用目标词条
[2026-08-17T17:20:22.950Z] formulate a theory	英文例句未使用目标词条
[2026-08-17T17:20:22.950Z] foul up	英文例句未使用目标词条
[2026-08-17T17:20:22.951Z] freeze	英文例句未使用目标词条
[2026-08-17T17:20:22.951Z] freeze over	英文例句未使用目标词条
[2026-08-17T17:20:22.952Z] freeze up	英文例句未使用目标词条
[2026-08-17T17:20:22.952Z] frighten away	英文例句未使用目标词条
[2026-08-17T17:20:22.953Z] from the bottom of one's heart	英文例句未使用目标词条
[2026-08-17T17:20:22.953Z] gain a reputation as	英文例句未使用目标词条
[2026-08-17T17:20:33.051Z] gain a reputation for	英文例句未使用目标词条
[2026-08-17T17:20:33.052Z] gain momentum	英文例句未使用目标词条
[2026-08-17T17:20:33.053Z] gamble away	英文例句未使用目标词条
[2026-08-17T17:20:33.053Z] gather momentum	英文例句未使用目标词条
[2026-08-17T17:20:33.054Z] gather up	英文例句未使用目标词条
[2026-08-17T17:20:33.054Z] gaze at	英文例句未使用目标词条
[2026-08-17T17:20:33.055Z] generate from	英文例句未使用目标词条
[2026-08-17T17:20:33.055Z] get a fever	英文例句未使用目标词条
[2026-08-17T17:20:33.056Z] get a good view of	英文例句未使用目标词条
[2026-08-17T17:22:31.879Z] get a job offer	英文例句未使用目标词条
[2026-08-17T17:22:31.880Z] get a refund	英文例句未使用目标词条
[2026-08-17T17:22:31.880Z] get a ride	英文例句未使用目标词条
[2026-08-17T17:22:31.881Z] get a scholarship to the university	英文例句未使用目标词条
[2026-08-17T17:22:31.881Z] get about	英文例句未使用目标词条
[2026-08-17T17:22:31.882Z] get along with	英文例句未使用目标词条
[2026-08-17T17:22:31.882Z] get an extension of time	英文例句未使用目标词条
[2026-08-17T17:22:31.883Z] get annoyed	英文例句未使用目标词条
[2026-08-17T17:22:31.883Z] get behind with	英文例句未使用目标词条
[2026-08-17T17:22:31.884Z] get bored	英文例句未使用目标词条
[2026-08-17T17:22:43.014Z] get caught	英文例句未使用目标词条
[2026-08-17T17:22:43.014Z] get close	英文例句未使用目标词条
[2026-08-17T17:22:43.015Z] get close to	英文例句未使用目标词条
[2026-08-17T17:22:43.015Z] get down	英文例句未使用目标词条
[2026-08-17T17:22:43.016Z] get engaged to	英文例句未使用目标词条
[2026-08-17T17:22:43.016Z] get going	英文例句未使用目标词条
[2026-08-17T17:22:43.017Z] get hurt	英文例句未使用目标词条
[2026-08-17T17:22:43.017Z] get in	英文例句未使用目标词条
[2026-08-17T17:22:43.018Z] get in one's hair	英文例句未使用目标词条
[2026-08-17T17:22:43.019Z] get into the habit of	英文例句未使用目标词条
[2026-08-17T17:24:42.533Z] get into trouble	英文例句未使用目标词条
[2026-08-17T17:24:42.534Z] get involved with	英文例句未使用目标词条
[2026-08-17T17:24:42.535Z] get mad at	英文例句未使用目标词条
[2026-08-17T17:24:42.535Z] get married	英文例句未使用目标词条
[2026-08-17T17:24:42.536Z] get nowhere	英文例句未使用目标词条
[2026-08-17T17:24:42.536Z] get off	英文例句未使用目标词条
[2026-08-17T17:24:42.536Z] get off on the wrong foot	英文例句未使用目标词条
[2026-08-17T17:24:42.537Z] get off the ground	英文例句未使用目标词条
[2026-08-17T17:24:42.537Z] get off work	英文例句未使用目标词条
[2026-08-17T17:24:42.538Z] get on	英文例句未使用目标词条
[2026-08-17T17:24:53.851Z] get on one's nerve	英文例句未使用目标词条
[2026-08-17T17:24:53.852Z] get on one's nerves	英文例句未使用目标词条
[2026-08-17T17:24:53.853Z] get one's hair cut	英文例句未使用目标词条
[2026-08-17T17:24:53.853Z] get paid	英文例句未使用目标词条
[2026-08-17T17:24:53.854Z] get promoted	英文例句未使用目标词条
[2026-08-17T17:24:53.854Z] get separated from	英文例句未使用目标词条
[2026-08-17T17:24:53.855Z] get stuck	英文例句未使用目标词条
[2026-08-17T17:24:53.855Z] get the best of	英文例句未使用目标词条
[2026-08-17T17:24:53.856Z] get the jump on	英文例句未使用目标词条
[2026-08-17T17:24:53.856Z] get to one's feet	英文例句未使用目标词条
[2026-08-17T17:26:54.123Z] get together	英文例句未使用目标词条
[2026-08-17T17:26:54.123Z] give a discount	英文例句未使用目标词条
[2026-08-17T17:26:54.124Z] give a prescription	英文例句未使用目标词条
[2026-08-17T17:26:54.125Z] give a talk	英文例句未使用目标词条
[2026-08-17T17:26:54.125Z] give an account of	英文例句未使用目标词条
[2026-08-17T17:26:54.126Z] give away	英文例句未使用目标词条
[2026-08-17T17:26:54.126Z] give birth to	英文例句未使用目标词条
[2026-08-17T17:26:54.127Z] give comments on	英文例句未使用目标词条
[2026-08-17T17:26:54.127Z] give free rein to	英文例句未使用目标词条
[2026-08-17T17:27:05.497Z] give life to	英文例句未使用目标词条
[2026-08-17T17:27:05.497Z] give off	英文例句未使用目标词条
[2026-08-17T17:27:05.498Z] give out	英文例句未使用目标词条
[2026-08-17T17:27:05.498Z] give priority to	英文例句未使用目标词条
[2026-08-17T17:27:05.499Z] give reasons for	英文例句未使用目标词条
[2026-08-17T17:27:05.499Z] give rein to	英文例句未使用目标词条
[2026-08-17T17:27:05.500Z] give rise to	英文例句未使用目标词条
[2026-08-17T17:27:05.500Z] give shape to	英文例句未使用目标词条
[2026-08-17T17:27:05.501Z] give vent to	英文例句未使用目标词条
[2026-08-17T17:27:05.501Z] give way to	英文例句未使用目标词条
[2026-08-17T17:29:03.284Z] glance down at	英文例句未使用目标词条
[2026-08-17T17:29:03.284Z] glare at	英文例句未使用目标词条
[2026-08-17T17:29:03.285Z] go across	英文例句未使用目标词条
[2026-08-17T17:29:03.285Z] go against	英文例句未使用目标词条
[2026-08-17T17:29:03.286Z] go ahead	英文例句未使用目标词条
[2026-08-17T17:29:03.287Z] go along	英文例句未使用目标词条
[2026-08-17T17:29:03.287Z] go along with	英文例句未使用目标词条
[2026-08-17T17:29:03.288Z] go around	英文例句未使用目标词条
[2026-08-17T17:29:13.151Z] go bad	英文例句未使用目标词条
[2026-08-17T17:29:13.153Z] go by	英文例句未使用目标词条
[2026-08-17T17:29:13.153Z] go down	英文例句未使用目标词条
[2026-08-17T17:29:13.154Z] go downhill	英文例句未使用目标词条
[2026-08-17T17:29:13.154Z] go in for	英文例句未使用目标词条
[2026-08-17T17:29:13.155Z] go in one ear and out the other	英文例句未使用目标词条
[2026-08-17T17:29:13.155Z] go into	英文例句未使用目标词条
[2026-08-17T17:29:13.156Z] go into action	英文例句未使用目标词条
[2026-08-17T17:29:13.156Z] go into detail	英文例句未使用目标词条
[2026-08-17T17:31:03.502Z] go into details	英文例句未使用目标词条
[2026-08-17T17:31:03.503Z] go mad	英文例句未使用目标词条
[2026-08-17T17:31:03.503Z] go off	英文例句未使用目标词条
[2026-08-17T17:31:03.504Z] go out of fashion	英文例句未使用目标词条
[2026-08-17T17:31:03.504Z] go out of use	英文例句未使用目标词条
[2026-08-17T17:31:03.505Z] go over	英文例句未使用目标词条
[2026-08-17T17:31:03.505Z] go the round	英文例句未使用目标词条
[2026-08-17T17:31:03.506Z] go the round of	英文例句未使用目标词条
[2026-08-17T17:31:14.462Z] go the rounds	英文例句未使用目标词条
[2026-08-17T17:31:14.463Z] go the rounds of	英文例句未使用目标词条
[2026-08-17T17:31:14.463Z] go to extremes	英文例句未使用目标词条
[2026-08-17T17:31:14.464Z] go to one's head	英文例句未使用目标词条
[2026-08-17T17:31:14.464Z] go to pieces	英文例句未使用目标词条
[2026-08-17T17:31:14.465Z] go to sleep	英文例句未使用目标词条
[2026-08-17T17:31:14.465Z] go to the gym	英文例句未使用目标词条
[2026-08-17T17:31:14.466Z] go up	英文例句未使用目标词条
[2026-08-17T17:31:14.466Z] go with	英文例句未使用目标词条
[2026-08-17T17:31:14.466Z] grant a request	英文例句未使用目标词条
[2026-08-17T17:33:15.294Z] grant one's request	英文例句未使用目标词条
[2026-08-17T17:33:15.295Z] grieve over	英文例句未使用目标词条
[2026-08-17T17:33:15.295Z] groan about	英文例句未使用目标词条
[2026-08-17T17:33:15.296Z] grow on	英文例句未使用目标词条
[2026-08-17T17:33:15.297Z] guerilla	英文例句未使用目标词条
[2026-08-17T17:33:15.297Z] hammer out	英文例句未使用目标词条
[2026-08-17T17:33:15.298Z] hand down	英文例句未使用目标词条
[2026-08-17T17:33:15.298Z] hand on	英文例句未使用目标词条
[2026-08-17T17:33:15.299Z] hand out	英文例句未使用目标词条
[2026-08-17T17:33:25.564Z] hand round	英文例句未使用目标词条
[2026-08-17T17:33:25.564Z] hang in the balance	英文例句未使用目标词条
[2026-08-17T17:33:25.565Z] hang out	英文例句未使用目标词条
[2026-08-17T17:33:25.565Z] hang over	英文例句未使用目标词条
[2026-08-17T17:33:25.566Z] happen on	英文例句未使用目标词条
[2026-08-17T17:33:25.567Z] happen to	英文例句未使用目标词条
[2026-08-17T17:33:25.567Z] hate one's guts	英文例句未使用目标词条
[2026-08-17T17:33:25.568Z] have a bearing on	英文例句未使用目标词条
[2026-08-17T17:33:25.568Z] have a big appetite	英文例句未使用目标词条
[2026-08-17T17:35:21.114Z] have a blast	英文例句未使用目标词条
[2026-08-17T17:35:21.115Z] have a chance to	英文例句未使用目标词条
[2026-08-17T17:35:21.116Z] have a check	英文例句未使用目标词条
[2026-08-17T17:35:21.116Z] have a fever	英文例句未使用目标词条
[2026-08-17T17:35:21.117Z] have a gift for	英文例句未使用目标词条
[2026-08-17T17:35:21.117Z] have a good appetite	英文例句未使用目标词条
[2026-08-17T17:35:21.118Z] have a good mind	英文例句未使用目标词条
[2026-08-17T17:35:21.118Z] have a grasp on	英文例句未使用目标词条
[2026-08-17T17:35:21.118Z] have a great time	英文例句未使用目标词条
[2026-08-17T17:35:21.119Z] have a habit of doing	英文例句未使用目标词条
[2026-08-17T17:35:31.800Z] have a hand in	英文例句未使用目标词条
[2026-08-17T17:35:31.801Z] have a high fever	英文例句未使用目标词条
[2026-08-17T17:35:31.802Z] have a lesson	英文例句未使用目标词条
[2026-08-17T17:35:31.802Z] have a mind	英文例句未使用目标词条
[2026-08-17T17:35:31.803Z] have a poor appetite	英文例句未使用目标词条
[2026-08-17T17:35:31.803Z] have a population of	英文例句未使用目标词条
[2026-08-17T17:35:31.804Z] have a problem with	英文例句未使用目标词条
[2026-08-17T17:35:31.804Z] have a reputation for	英文例句未使用目标词条
[2026-08-17T17:35:31.805Z] have a significant effect	英文例句未使用目标词条
[2026-08-17T17:35:31.805Z] have a significant impact on	英文例句未使用目标词条
[2026-08-17T17:37:32.881Z] have a sore throat	英文例句未使用目标词条
[2026-08-17T17:37:32.881Z] have a stuffed nose	英文例句未使用目标词条
[2026-08-17T17:37:32.882Z] have a taste in	英文例句未使用目标词条
[2026-08-17T17:37:32.883Z] have a taste of	英文例句未使用目标词条
[2026-08-17T17:37:32.883Z] have a temperature	英文例句未使用目标词条
[2026-08-17T17:37:32.884Z] have a way with	英文例句未使用目标词条
[2026-08-17T17:37:32.884Z] have abundant energy	英文例句未使用目标词条
[2026-08-17T17:37:32.885Z] have an appetite for	英文例句未使用目标词条
[2026-08-17T17:37:32.885Z] have an effect on	英文例句未使用目标词条
[2026-08-17T17:37:32.886Z] have an eye for	英文例句未使用目标词条
[2026-08-17T17:37:44.048Z] have an impact on	英文例句未使用目标词条
[2026-08-17T17:37:44.049Z] have an influence on	英文例句未使用目标词条
[2026-08-17T17:37:44.049Z] have influence on	英文例句未使用目标词条
[2026-08-17T17:37:44.050Z] have no choice but to do	英文例句未使用目标词条
[2026-08-17T17:37:44.050Z] have one's hands full	英文例句未使用目标词条
[2026-08-17T17:37:44.051Z] have problems with	英文例句未使用目标词条
[2026-08-17T17:37:44.051Z] have right to do	英文例句未使用目标词条
[2026-08-17T17:37:44.052Z] have room for	英文例句未使用目标词条
[2026-08-17T17:39:43.884Z] have taste in	英文例句未使用目标词条
[2026-08-17T17:39:43.884Z] have the authority to do	英文例句未使用目标词条
[2026-08-17T17:39:43.885Z] have the best of	英文例句未使用目标词条
[2026-08-17T17:39:43.885Z] have to do with	英文例句未使用目标词条
[2026-08-17T17:39:43.886Z] have trouble in doing	英文例句未使用目标词条
[2026-08-17T17:39:43.886Z] have trouble with	英文例句未使用目标词条
[2026-08-17T17:39:43.887Z] have words with	英文例句未使用目标词条
[2026-08-17T17:39:43.887Z] hear	英文例句未使用目标词条
[2026-08-17T17:39:43.888Z] hear about	英文例句未使用目标词条
[2026-08-17T17:39:53.083Z] hear from	英文例句未使用目标词条
[2026-08-17T17:39:53.084Z] hear of	英文例句未使用目标词条
[2026-08-17T17:39:53.085Z] help out	英文例句未使用目标词条
[2026-08-17T17:39:53.085Z] hide	英文例句未使用目标词条
[2026-08-17T17:39:53.086Z] hinge on	英文例句未使用目标词条
[2026-08-17T17:39:53.086Z] hinge upon	英文例句未使用目标词条
[2026-08-17T17:39:53.087Z] hold one's breath	英文例句未使用目标词条
[2026-08-17T17:39:53.087Z] hold one's own	英文例句未使用目标词条
[2026-08-17T17:41:51.660Z] hold the grudge	英文例句未使用目标词条
[2026-08-17T17:41:51.660Z] hold true	英文例句未使用目标词条
[2026-08-17T17:41:51.661Z] hold up	英文例句未使用目标词条
[2026-08-17T17:41:51.661Z] hook up	英文例句未使用目标词条
[2026-08-17T17:41:51.662Z] hunt down	英文例句未使用目标词条
[2026-08-17T17:41:51.663Z] immerge oneself into	英文例句未使用目标词条
[2026-08-17T17:41:51.663Z] immerse in	英文例句未使用目标词条
[2026-08-17T17:41:51.664Z] immune	英文例句未使用目标词条
[2026-08-17T17:41:51.664Z] imposition	英文例句未使用目标词条
[2026-08-17T17:41:51.665Z] impress on	英文例句未使用目标词条
[2026-08-17T17:42:01.712Z] impress with	英文例句未使用目标词条
[2026-08-17T17:42:01.712Z] improve upon	英文例句未使用目标词条
[2026-08-17T17:42:01.713Z] in one's fifties	英文例句未使用目标词条
[2026-08-17T17:42:01.713Z] in one's honor	英文例句未使用目标词条
[2026-08-17T17:42:01.714Z] in one's lifetime	英文例句未使用目标词条
[2026-08-17T17:42:01.714Z] in one's opinion	英文例句未使用目标词条
[2026-08-17T17:42:01.715Z] in one's place	英文例句未使用目标词条
[2026-08-17T17:42:01.715Z] in one's presence	英文例句未使用目标词条
[2026-08-17T17:42:01.716Z] in one's sight	英文例句未使用目标词条
[2026-08-17T17:44:01.701Z] in one's turn	英文例句未使用目标词条
[2026-08-17T17:44:01.702Z] in one's view	英文例句未使用目标词条
[2026-08-17T17:44:01.703Z] in one's way	英文例句未使用目标词条
[2026-08-17T17:44:01.703Z] inflict on	英文例句未使用目标词条
[2026-08-17T17:44:01.704Z] inflict upon	英文例句未使用目标词条
[2026-08-17T17:44:01.704Z] inherit from	英文例句未使用目标词条
[2026-08-17T17:44:01.705Z] insert one's card	英文例句未使用目标词条
[2026-08-17T17:44:01.706Z] insist that	英文例句未使用目标词条
[2026-08-17T17:44:01.706Z] involve in	英文例句未使用目标词条
[2026-08-17T17:44:01.707Z] isolate from	英文例句未使用目标词条
[2026-08-17T17:44:12.786Z] It's hard to say.	英文例句未使用目标词条
[2026-08-17T17:44:12.787Z] It's hard to tell.	英文例句未使用目标词条
[2026-08-17T17:44:12.787Z] jump a queue	英文例句未使用目标词条
[2026-08-17T17:44:12.787Z] jump in	英文例句未使用目标词条
[2026-08-17T17:44:12.788Z] jump off	英文例句未使用目标词条
[2026-08-17T17:44:12.789Z] keep a promise	英文例句未使用目标词条
[2026-08-17T17:44:12.790Z] keep a record	英文例句未使用目标词条
[2026-08-17T17:44:12.790Z] keep at	英文例句未使用目标词条
[2026-08-17T17:44:12.791Z] keep back	英文例句未使用目标词条
[2026-08-17T17:44:12.791Z] keep one's balance	英文例句未使用目标词条
[2026-08-17T17:46:11.313Z] keep one's distance	英文例句未使用目标词条
[2026-08-17T17:46:11.314Z] keep one's eyes on	英文例句未使用目标词条
[2026-08-17T17:46:11.315Z] keep one's fingers crossed	英文例句未使用目标词条
[2026-08-17T17:46:11.315Z] keep one's head	英文例句未使用目标词条
[2026-08-17T17:46:11.315Z] keep one's promise	英文例句未使用目标词条
[2026-08-17T17:46:11.316Z] keep one's word	英文例句未使用目标词条
[2026-08-17T17:46:11.316Z] keep to oneself	英文例句未使用目标词条
[2026-08-17T17:46:11.317Z] keep up	英文例句未使用目标词条
[2026-08-17T17:46:11.317Z] keep watch on	英文例句未使用目标词条
[2026-08-17T17:46:11.318Z] kick about	英文例句未使用目标词条
[2026-08-17T17:46:22.376Z] kick off	英文例句未使用目标词条
[2026-08-17T17:46:22.377Z] kick up	英文例句未使用目标词条
[2026-08-17T17:46:22.377Z] knock into	英文例句未使用目标词条
[2026-08-17T17:46:22.378Z] knock off	英文例句未使用目标词条
[2026-08-17T17:46:22.378Z] knock on	英文例句未使用目标词条
[2026-08-17T17:46:22.379Z] knock out	英文例句未使用目标词条
[2026-08-17T17:46:22.379Z] knock up	英文例句未使用目标词条
[2026-08-17T17:46:22.380Z] know backward	英文例句未使用目标词条
[2026-08-17T17:46:22.381Z] know backwards	英文例句未使用目标词条
[2026-08-17T17:46:22.381Z] know better	英文例句未使用目标词条
[2026-08-17T17:48:21.437Z] knowhow	英文例句未使用目标词条
[2026-08-17T17:48:21.438Z] lag behind	英文例句未使用目标词条
[2026-08-17T17:48:21.439Z] land on one's feet	英文例句未使用目标词条
[2026-08-17T17:48:21.439Z] lash out	英文例句未使用目标词条
[2026-08-17T17:48:21.439Z] lash out at	英文例句未使用目标词条
[2026-08-17T17:48:21.440Z] laugh at	英文例句未使用目标词条
[2026-08-17T17:48:21.440Z] laugh off	英文例句未使用目标词条
[2026-08-17T17:48:21.441Z] laugh one's head off	英文例句未使用目标词条
[2026-08-17T17:48:21.441Z] launch in	英文例句未使用目标词条
[2026-08-17T17:48:21.442Z] launch into	英文例句未使用目标词条
[2026-08-17T17:48:31.494Z] lay great emphasis on	英文例句未使用目标词条
[2026-08-17T17:48:31.495Z] lay out	英文例句未使用目标词条
[2026-08-17T17:48:31.496Z] lead	英文例句未使用目标词条
[2026-08-17T17:48:31.496Z] leaf through	英文例句未使用目标词条
[2026-08-17T17:48:31.497Z] lean out of	英文例句未使用目标词条
[2026-08-17T17:48:31.497Z] learn about	英文例句未使用目标词条
[2026-08-17T17:48:31.498Z] learn through	英文例句未使用目标词条
[2026-08-17T17:48:31.498Z] leave behind	英文例句未使用目标词条
[2026-08-17T17:48:31.499Z] leave over	英文例句未使用目标词条
[2026-08-17T17:50:28.254Z] leave to one's own devices	英文例句未使用目标词条
[2026-08-17T17:50:28.255Z] lie in	英文例句未使用目标词条
[2026-08-17T17:50:28.255Z] lie to	英文例句未使用目标词条
[2026-08-17T17:50:28.256Z] lie with	英文例句未使用目标词条
[2026-08-17T17:50:28.256Z] lift up	英文例句未使用目标词条
[2026-08-17T17:50:28.257Z] linger on	英文例句未使用目标词条
[2026-08-17T17:50:28.257Z] link up with	英文例句未使用目标词条
[2026-08-17T17:50:28.258Z] live by	英文例句未使用目标词条
[2026-08-17T17:50:28.258Z] lock away	英文例句未使用目标词条
[2026-08-17T17:50:28.259Z] lock up	英文例句未使用目标词条
[2026-08-17T17:50:39.011Z] long for	英文例句未使用目标词条
[2026-08-17T17:50:39.011Z] look about	英文例句未使用目标词条
[2026-08-17T17:50:39.012Z] look about for	英文例句未使用目标词条
[2026-08-17T17:50:39.012Z] look around	英文例句未使用目标词条
[2026-08-17T17:50:39.013Z] look around for	英文例句未使用目标词条
[2026-08-17T17:50:39.013Z] look as if	英文例句未使用目标词条
[2026-08-17T17:50:39.014Z] look away	英文例句未使用目标词条
[2026-08-17T17:50:39.014Z] look away from	英文例句未使用目标词条
[2026-08-17T17:50:39.015Z] look back	英文例句未使用目标词条
[2026-08-17T17:50:39.015Z] look for	英文例句未使用目标词条
[2026-08-17T17:52:32.759Z] look in at	英文例句未使用目标词条
[2026-08-17T17:52:32.760Z] look like	英文例句未使用目标词条
[2026-08-17T17:52:32.760Z] look on	英文例句未使用目标词条
[2026-08-17T17:52:32.761Z] look out of	英文例句未使用目标词条
[2026-08-17T17:52:32.761Z] look through	英文例句未使用目标词条
[2026-08-17T17:52:32.762Z] look up and down	英文例句未使用目标词条
[2026-08-17T17:52:32.762Z] look upon	英文例句未使用目标词条
[2026-08-17T17:52:32.763Z] lose	英文例句未使用目标词条
[2026-08-17T17:52:43.532Z] lose balance	英文例句未使用目标词条
[2026-08-17T17:52:43.533Z] lose contact with	英文例句未使用目标词条
[2026-08-17T17:52:43.534Z] lose control	英文例句未使用目标词条
[2026-08-17T17:52:43.534Z] lose control of	英文例句未使用目标词条
[2026-08-17T17:52:43.535Z] lose face	英文例句未使用目标词条
[2026-08-17T17:52:43.535Z] lose heart	英文例句未使用目标词条
[2026-08-17T17:52:43.536Z] lose hope	英文例句未使用目标词条
[2026-08-17T17:52:43.536Z] lose interest in	英文例句未使用目标词条
[2026-08-17T17:52:43.537Z] lose one's balance	英文例句未使用目标词条
[2026-08-17T17:52:43.537Z] lose one's head	英文例句未使用目标词条
[2026-08-17T17:54:42.923Z] lose one's heart to	英文例句未使用目标词条
[2026-08-17T17:54:42.924Z] lose one's job	英文例句未使用目标词条
[2026-08-17T17:54:42.925Z] lose one's life	英文例句未使用目标词条
[2026-08-17T17:54:42.925Z] lose one's nerve	英文例句未使用目标词条
[2026-08-17T17:54:42.926Z] lose one's sight	英文例句未使用目标词条
[2026-08-17T17:54:42.926Z] lose one's temper	英文例句未使用目标词条
[2026-08-17T17:54:42.927Z] lose one's voice	英文例句未使用目标词条
[2026-08-17T17:54:42.927Z] lose one's way	英文例句未使用目标词条
[2026-08-17T17:54:42.928Z] lose out	英文例句未使用目标词条
[2026-08-17T17:54:42.928Z] lose sight of	英文例句未使用目标词条
[2026-08-17T17:54:52.995Z] lose temper	英文例句未使用目标词条
[2026-08-17T17:54:52.996Z] lose touch with	英文例句未使用目标词条
[2026-08-17T17:54:52.996Z] lose track of	英文例句未使用目标词条
[2026-08-17T17:54:52.997Z] lose track of the time	英文例句未使用目标词条
[2026-08-17T17:54:52.998Z] lose weight	英文例句未使用目标词条
[2026-08-17T17:54:52.998Z] make a bargain with	英文例句未使用目标词条
[2026-08-17T17:54:52.999Z] make a comment	英文例句未使用目标词条
[2026-08-17T17:54:52.999Z] make a complaint	英文例句未使用目标词条
[2026-08-17T17:56:54.885Z] make a contribution to	英文例句未使用目标词条
[2026-08-17T17:56:54.886Z] make a deep impression	英文例句未使用目标词条
[2026-08-17T17:56:54.886Z] make a face	英文例句未使用目标词条
[2026-08-17T17:56:54.887Z] make a fortune	英文例句未使用目标词条
[2026-08-17T17:56:54.887Z] make a hit	英文例句未使用目标词条
[2026-08-17T17:56:54.888Z] make a life	英文例句未使用目标词条
[2026-08-17T17:56:54.888Z] make a living	英文例句未使用目标词条
[2026-08-17T17:56:54.889Z] make a mess of	英文例句未使用目标词条
[2026-08-17T17:56:54.889Z] make a mistake	英文例句未使用目标词条
[2026-08-17T17:56:54.890Z] make a name	英文例句未使用目标词条
[2026-08-17T17:57:05.586Z] make a noise	英文例句未使用目标词条
[2026-08-17T17:57:05.587Z] make a nominal charge	英文例句未使用目标词条
[2026-08-17T17:57:05.587Z] make a profit	英文例句未使用目标词条
[2026-08-17T17:57:05.588Z] make a promise	英文例句未使用目标词条
[2026-08-17T17:57:05.589Z] make a provisional booking	英文例句未使用目标词条
[2026-08-17T17:57:05.589Z] make a record	英文例句未使用目标词条
[2026-08-17T17:57:05.590Z] make a reference to	英文例句未使用目标词条
[2026-08-17T17:57:05.590Z] make a reservation	英文例句未使用目标词条
[2026-08-17T17:57:05.591Z] make a speech	英文例句未使用目标词条
[2026-08-17T17:57:05.591Z] make a suggestion	英文例句未使用目标词条
[2026-08-17T17:59:03.180Z] make a thing of	英文例句未使用目标词条
[2026-08-17T17:59:03.181Z] make a thing out of	英文例句未使用目标词条
[2026-08-17T17:59:03.181Z] make a top priority	英文例句未使用目标词条
[2026-08-17T17:59:03.182Z] make a trade	英文例句未使用目标词条
[2026-08-17T17:59:03.183Z] make a trip	英文例句未使用目标词条
[2026-08-17T17:59:03.184Z] make a wish	英文例句未使用目标词条
[2026-08-17T17:59:03.184Z] make an application	英文例句未使用目标词条
[2026-08-17T17:59:03.185Z] make an effort	英文例句未使用目标词条
[2026-08-17T17:59:03.185Z] make an effort to	英文例句未使用目标词条
[2026-08-17T17:59:03.186Z] make an example of	英文例句未使用目标词条
[2026-08-17T17:59:12.739Z] make an exception	英文例句未使用目标词条
[2026-08-17T17:59:12.739Z] make an exception of	英文例句未使用目标词条
[2026-08-17T17:59:12.740Z] make an offer	英文例句未使用目标词条
[2026-08-17T17:59:12.740Z] make contact with	英文例句未使用目标词条
[2026-08-17T17:59:12.741Z] make contributions to	英文例句未使用目标词条
[2026-08-17T17:59:12.741Z] make difference	英文例句未使用目标词条
[2026-08-17T17:59:12.742Z] make do with	英文例句未使用目标词条
[2026-08-17T17:59:12.742Z] make effort	英文例句未使用目标词条
[2026-08-17T17:59:12.743Z] make efforts to	英文例句未使用目标词条
[2026-08-17T18:01:07.032Z] make for	英文例句未使用目标词条
[2026-08-17T18:01:07.033Z] make great progress	英文例句未使用目标词条
[2026-08-17T18:01:07.034Z] make headway	英文例句未使用目标词条
[2026-08-17T18:01:07.034Z] make money	英文例句未使用目标词条
[2026-08-17T18:01:07.035Z] make no bones about	英文例句未使用目标词条
[2026-08-17T18:01:07.035Z] make notes	英文例句未使用目标词条
[2026-08-17T18:01:07.036Z] make off	英文例句未使用目标词条
[2026-08-17T18:01:07.036Z] make one's blood boil	英文例句未使用目标词条
[2026-08-17T18:01:07.037Z] make one's fortune	英文例句未使用目标词条
[2026-08-17T18:01:17.745Z] make one's hair stand on end	英文例句未使用目标词条
[2026-08-17T18:01:17.745Z] make one's living	英文例句未使用目标词条
[2026-08-17T18:01:17.746Z] make one's peace with	英文例句未使用目标词条
[2026-08-17T18:01:17.746Z] make one's way	英文例句未使用目标词条
[2026-08-17T18:01:17.747Z] make one's way through	英文例句未使用目标词条
[2026-08-17T18:01:17.747Z] make one's way to	英文例句未使用目标词条
[2026-08-17T18:01:17.748Z] make one's way towards	英文例句未使用目标词条
[2026-08-17T18:01:17.749Z] make out of	英文例句未使用目标词条
[2026-08-17T18:01:17.749Z] make peace with	英文例句未使用目标词条
[2026-08-17T18:01:17.750Z] make ready	英文例句未使用目标词条
[2026-08-17T18:03:08.480Z] make up one's mind	英文例句未使用目标词条
[2026-08-17T18:03:08.481Z] make way	英文例句未使用目标词条
[2026-08-17T18:03:08.481Z] manage to	英文例句未使用目标词条
[2026-08-17T18:03:08.482Z] mark down	英文例句未使用目标词条
[2026-08-17T18:03:08.482Z] mark out	英文例句未使用目标词条
[2026-08-17T18:03:08.483Z] mark up	英文例句未使用目标词条
[2026-08-17T18:03:08.484Z] mean to	英文例句未使用目标词条
[2026-08-17T18:03:08.485Z] meantime	英文例句未使用目标词条
[2026-08-17T18:03:08.485Z] meet the standard	英文例句未使用目标词条
[2026-08-17T18:03:15.060Z] meet up	英文例句未使用目标词条
[2026-08-17T18:03:15.061Z] meet up with	英文例句未使用目标词条
[2026-08-17T18:03:15.061Z] meet with	英文例句未使用目标词条
[2026-08-17T18:03:15.062Z] Mount Everest	英文例句未使用目标词条
[2026-08-17T18:03:15.062Z] move off	英文例句未使用目标词条
[2026-08-17T18:03:15.063Z] move on to	英文例句未使用目标词条
[2026-08-17T18:05:05.951Z] mow down	英文例句未使用目标词条
[2026-08-17T18:05:05.952Z] name after	英文例句未使用目标词条
[2026-08-17T18:05:05.952Z] nominate for	英文例句未使用目标词条
[2026-08-17T18:05:05.953Z] not always be the case	英文例句未使用目标词条
[2026-08-17T18:05:05.954Z] offer a discount	英文例句未使用目标词条
[2026-08-17T18:05:05.954Z] omit doing	英文例句未使用目标词条
[2026-08-17T18:05:05.955Z] omit to do	英文例句未使用目标词条
[2026-08-17T18:05:05.955Z] on one's behalf	英文例句未使用目标词条
[2026-08-17T18:05:15.982Z] on one's own	英文例句未使用目标词条
[2026-08-17T18:05:15.983Z] on one's own behalf	英文例句未使用目标词条
[2026-08-17T18:05:15.983Z] on one's part	英文例句未使用目标词条
[2026-08-17T18:05:15.984Z] on one's side	英文例句未使用目标词条
[2026-08-17T18:05:15.984Z] on one's way	英文例句未使用目标词条
[2026-08-17T18:05:15.985Z] on one's way to	英文例句未使用目标词条
[2026-08-17T18:05:15.985Z] on the tip of one's tongue	英文例句未使用目标词条
[2026-08-17T18:05:15.986Z] one's motivation	英文例句未使用目标词条
[2026-08-17T18:05:15.986Z] originate from	英文例句未使用目标词条
[2026-08-17T18:07:11.029Z] originate in	英文例句未使用目标词条
[2026-08-17T18:07:11.029Z] originate with	英文例句未使用目标词条
[2026-08-17T18:07:11.030Z] outgrow	英文例句未使用目标词条
[2026-08-17T18:07:11.030Z] outline one's idea	英文例句未使用目标词条
[2026-08-17T18:07:11.031Z] overdo	英文例句未使用目标词条
[2026-08-17T18:07:11.031Z] overflow with	英文例句未使用目标词条
[2026-08-17T18:07:11.032Z] overrun	英文例句未使用目标词条
[2026-08-17T18:07:11.032Z] oversleep	英文例句未使用目标词条
[2026-08-17T18:07:11.033Z] overtake	英文例句未使用目标词条
[2026-08-17T18:07:20.779Z] owe to	英文例句未使用目标词条
[2026-08-17T18:07:20.780Z] p.m.	英文例句未使用目标词条
[2026-08-17T18:07:20.780Z] parcel out	英文例句未使用目标词条
[2026-08-17T18:07:20.781Z] pass by	英文例句未使用目标词条
[2026-08-17T18:07:20.781Z] pass down	英文例句未使用目标词条
[2026-08-17T18:07:20.782Z] pass off as	英文例句未使用目标词条
[2026-08-17T18:07:20.782Z] pass on	英文例句未使用目标词条
[2026-08-17T18:07:20.783Z] pass on to	英文例句未使用目标词条
[2026-08-17T18:07:20.784Z] pass out	英文例句未使用目标词条
[2026-08-17T18:08:51.596Z] pass over	英文例句未使用目标词条
[2026-08-17T18:08:51.598Z] pass the time	英文例句未使用目标词条
[2026-08-17T18:08:51.598Z] pass up	英文例句未使用目标词条
[2026-08-17T18:08:51.599Z] pause to do	英文例句未使用目标词条
[2026-08-17T18:10:19.300Z] peg away at	英文例句未使用目标词条
[2026-08-17T18:11:03.361Z] penalty	英文例句未使用目标词条
[2026-08-17T18:15:55.897Z] persist for	英文例句未使用目标词条
[2026-08-17T18:15:55.898Z] persist in	英文例句未使用目标词条
[2026-08-17T18:20:44.460Z] pick one's brain	英文例句未使用目标词条
[2026-08-17T18:21:13.133Z] pick to pieces	英文例句未使用目标词条
[2026-08-17T18:21:13.134Z] pick up	英文例句未使用目标词条
[2026-08-17T18:22:26.051Z] pile up	英文例句未使用目标词条
[2026-08-17T18:23:46.098Z] pitch in	英文例句未使用目标词条
[2026-08-17T18:24:12.791Z] place a premium on	英文例句未使用目标词条
[2026-08-17T18:26:56.820Z] play a part in	英文例句未使用目标词条
[2026-08-17T18:26:56.820Z] play a role in	英文例句未使用目标词条
[2026-08-17T18:26:56.821Z] play a significant role	英文例句未使用目标词条
[2026-08-17T18:26:56.821Z] play a trick on	英文例句未使用目标词条
[2026-08-17T18:27:03.689Z] play down	英文例句未使用目标词条
[2026-08-17T18:27:03.690Z] play for	英文例句未使用目标词条
[2026-08-17T18:27:03.691Z] play havoc with	英文例句未使用目标词条
[2026-08-17T18:27:03.691Z] play jokes on	英文例句未使用目标词条
[2026-08-17T18:27:03.692Z] play second fiddle to	英文例句未使用目标词条
[2026-08-17T18:27:03.692Z] play with	英文例句未使用目标词条
[2026-08-17T18:29:31.402Z] plough through	英文例句未使用目标词条
[2026-08-17T18:29:31.402Z] plug in	英文例句未使用目标词条
[2026-08-17T18:30:41.872Z] ply	英文例句未使用目标词条
[2026-08-17T18:31:09.700Z] point to	英文例句未使用目标词条
[2026-08-17T18:31:57.019Z] poke fun at	英文例句未使用目标词条
[2026-08-17T18:31:57.019Z] poke one's nose into	英文例句未使用目标词条
[2026-08-17T18:32:29.894Z] polish off	英文例句未使用目标词条
[2026-08-17T18:32:29.895Z] polish up	英文例句未使用目标词条
[2026-08-17T18:34:12.480Z] pop up	英文例句未使用目标词条
[2026-08-17T18:35:37.568Z] pore over	英文例句未使用目标词条
[2026-08-17T18:36:07.651Z] portion out	英文例句未使用目标词条
[2026-08-17T18:36:07.652Z] portray the cruelty of hunting	英文例句未使用目标词条
[2026-08-17T18:36:07.653Z] pose a threat to	英文例句未使用目标词条
[2026-08-17T18:37:34.796Z] post	英文例句未使用目标词条
[2026-08-17T18:39:22.286Z] pour down	英文例句未使用目标词条
[2026-08-17T18:39:22.287Z] pour in	英文例句未使用目标词条
[2026-08-17T18:39:22.287Z] pour into	英文例句未使用目标词条
[2026-08-17T18:43:05.292Z] predominant	英文例句未使用目标词条
[2026-08-17T18:43:05.293Z] predominate	英文例句未使用目标词条
[2026-08-17T18:43:38.656Z] prefer to do rather than do	英文例句未使用目标词条
[2026-08-17T18:43:38.657Z] prefer to do rather than to do	英文例句未使用目标词条
[2026-08-17T18:48:19.766Z] prevent from	英文例句未使用目标词条
[2026-08-17T18:49:10.687Z] prick up one's ears	英文例句未使用目标词条
[2026-08-17T18:49:10.687Z] pride oneself on	英文例句未使用目标词条
[2026-08-17T18:50:45.136Z] prior	英文例句未使用目标词条
[2026-08-17T18:54:02.433Z] profit by	英文例句未使用目标词条
[2026-08-17T18:55:33.622Z] promise to do	英文例句未使用目标词条
[2026-08-17T18:56:07.292Z] promote sustainable development	英文例句未使用目标词条
[2026-08-17T18:58:10.221Z] propose a toast	英文例句未使用目标词条
[2026-08-17T18:58:10.222Z] propose a toast to	英文例句未使用目标词条
[2026-08-17T18:58:10.222Z] propose an amendment	英文例句未使用目标词条
[2026-08-17T18:58:26.644Z] propose marriage	英文例句未使用目标词条
[2026-08-17T18:58:26.646Z] propose to doing	英文例句未使用目标词条
[2026-08-17T19:00:38.213Z] prove to be	英文例句未使用目标词条
[2026-08-17T19:01:04.147Z] provide with	英文例句未使用目标词条
[2026-08-17T19:04:17.784Z] pull apart	英文例句未使用目标词条
[2026-08-17T19:04:17.785Z] pull away	英文例句未使用目标词条
[2026-08-17T19:04:17.786Z] pull down	英文例句未使用目标词条
[2026-08-17T19:04:17.786Z] pull in	英文例句未使用目标词条
[2026-08-17T19:04:17.787Z] pull off	英文例句未使用目标词条
[2026-08-17T19:04:17.788Z] pull out	英文例句未使用目标词条
[2026-08-17T19:04:17.788Z] pull over	英文例句未使用目标词条
[2026-08-17T19:04:17.789Z] pull round	英文例句未使用目标词条
[2026-08-17T19:04:17.790Z] pull through	英文例句未使用目标词条
[2026-08-17T19:04:17.791Z] pull to pieces	英文例句未使用目标词条
[2026-08-17T19:04:54.112Z] pull up	英文例句未使用目标词条
[2026-08-17T19:05:40.679Z] punch in	英文例句未使用目标词条
[2026-08-17T19:05:40.679Z] punch out	英文例句未使用目标词条
[2026-08-17T19:07:31.023Z] push for	英文例句未使用目标词条
[2026-08-17T19:07:31.023Z] push into	英文例句未使用目标词条
[2026-08-17T19:07:31.024Z] push on	英文例句未使用目标词条
[2026-08-17T19:08:39.039Z] push one's way through	英文例句未使用目标词条
[2026-08-17T19:08:39.040Z] push over	英文例句未使用目标词条
[2026-08-17T19:10:03.570Z] put one's feet up	英文例句未使用目标词条
[2026-08-17T19:10:03.571Z] put one's finger	英文例句未使用目标词条
[2026-08-17T19:10:03.572Z] put one's foot in one's mouth	英文例句未使用目标词条
[2026-08-17T19:10:03.573Z] put one's hands on	英文例句未使用目标词条
[2026-08-17T19:10:03.573Z] put our heads together	英文例句未使用目标词条
[2026-08-17T19:11:41.146Z] qualify for	英文例句未使用目标词条
[2026-08-17T19:12:56.527Z] quarrel with	英文例句未使用目标词条
[2026-08-17T19:14:09.710Z] queue up	英文例句未使用目标词条
[2026-08-17T19:18:48.010Z] raise money	英文例句未使用目标词条
[2026-08-17T19:18:48.011Z] raise one's eyebrows	英文例句未使用目标词条
[2026-08-17T19:20:25.556Z] range from A to B	英文例句未使用目标词条
[2026-08-17T19:22:58.198Z] rattle on	英文例句未使用目标词条
[2026-08-17T19:23:16.185Z] reach an agreement	英文例句未使用目标词条
[2026-08-17T19:23:16.186Z] reach down	英文例句未使用目标词条
[2026-08-17T19:23:16.186Z] reach for	英文例句未使用目标词条
[2026-08-17T19:24:31.670Z] reach out	英文例句未使用目标词条
[2026-08-17T19:24:31.671Z] react on	英文例句未使用目标词条
[2026-08-17T19:24:31.671Z] react to	英文例句未使用目标词条
[2026-08-17T19:24:31.672Z] react upon	英文例句未使用目标词条
[2026-08-17T19:25:48.481Z] realize one's dream	英文例句未使用目标词条
[2026-08-17T19:29:43.055Z] recommend that	英文例句未使用目标词条
[2026-08-17T19:33:51.489Z] reflect back	英文例句未使用目标词条
[2026-08-17T19:35:04.445Z] regard as	英文例句未使用目标词条
[2026-08-17T19:39:34.350Z] relieve from	英文例句未使用目标词条
[2026-08-17T19:45:13.913Z] repetition	英文例句未使用目标词条
[2026-08-17T19:47:59.128Z] resemble telomeres	英文例句未使用目标词条
[2026-08-17T19:49:32.496Z] resign one's position	英文例句未使用目标词条
[2026-08-17T19:49:32.497Z] resign one's post	英文例句未使用目标词条
[2026-08-17T19:49:32.497Z] resign one's seat	英文例句未使用目标词条
[2026-08-17T19:50:56.073Z] resolve into	英文例句未使用目标词条
[2026-08-17T19:50:56.073Z] resort to	英文例句未使用目标词条
[2026-08-17T19:53:12.126Z] result from	英文例句未使用目标词条
[2026-08-17T19:53:37.147Z] result in	英文例句未使用目标词条
[2026-08-17T19:54:21.062Z] retell	英文例句未使用目标词条
[2026-08-17T19:57:09.312Z] revolve around	英文例句未使用目标词条
[2026-08-17T20:00:19.667Z] ring up	英文例句未使用目标词条
[2026-08-17T20:00:19.668Z] rip off	英文例句未使用目标词条
[2026-08-17T20:00:48.965Z] rise to one's feet	英文例句未使用目标词条
[2026-08-17T20:01:29.219Z] risk one's life	英文例句未使用目标词条
[2026-08-17T20:02:13.982Z] rob of	英文例句未使用目标词条
[2026-08-17T20:03:37.289Z] roll over	英文例句未使用目标词条
[2026-08-17T20:03:37.290Z] roll up	英文例句未使用目标词条
[2026-08-17T20:04:49.934Z] root in	英文例句未使用目标词条
[2026-08-17T20:06:13.037Z] round up	英文例句未使用目标词条
[2026-08-17T20:07:55.058Z] rugger	英文例句未使用目标词条
[2026-08-17T20:09:26.001Z] run	英文例句未使用目标词条
[2026-08-17T20:09:26.002Z] run a fever	英文例句未使用目标词条
[2026-08-17T20:09:26.002Z] run across	英文例句未使用目标词条
[2026-08-17T20:09:26.003Z] run after	英文例句未使用目标词条
[2026-08-17T20:09:26.003Z] run away	英文例句未使用目标词条
[2026-08-17T20:09:26.004Z] run away with	英文例句未使用目标词条
[2026-08-17T20:09:26.004Z] run behind	英文例句未使用目标词条
[2026-08-17T20:09:26.005Z] run counter to	英文例句未使用目标词条
[2026-08-17T20:09:55.315Z] run for	英文例句未使用目标词条
[2026-08-17T20:09:55.316Z] run into	英文例句未使用目标词条
[2026-08-17T20:09:55.316Z] run low	英文例句未使用目标词条
[2026-08-17T20:09:55.317Z] run off	英文例句未使用目标词条
[2026-08-17T20:09:55.317Z] run out of	英文例句未使用目标词条
[2026-08-17T20:09:55.318Z] run over	英文例句未使用目标词条
[2026-08-17T20:09:55.318Z] run riot	英文例句未使用目标词条
[2026-08-17T20:11:13.672Z] run through	英文例句未使用目标词条
[2026-08-17T20:11:13.673Z] run to	英文例句未使用目标词条
[2026-08-17T20:11:13.674Z] run up	英文例句未使用目标词条
[2026-08-17T20:11:13.674Z] run wild	英文例句未使用目标词条
[2026-08-17T20:11:34.132Z] rush off	英文例句未使用目标词条
[2026-08-17T20:11:34.133Z] rush out	英文例句未使用目标词条
[2026-08-17T20:11:34.134Z] rush out of	英文例句未使用目标词条
[2026-08-17T20:11:34.134Z] rush to	英文例句未使用目标词条
[2026-08-17T20:19:05.321Z] save one's life	英文例句未使用目标词条
[2026-08-17T20:19:56.186Z] say	英文例句未使用目标词条
[2026-08-17T20:19:56.186Z] say to oneself	英文例句未使用目标词条
[2026-08-17T20:19:56.187Z] say yes	英文例句未使用目标词条
[2026-08-17T20:21:30.591Z] scare off	英文例句未使用目标词条
[2026-08-17T20:25:30.741Z] scrape off	英文例句未使用目标词条
[2026-08-17T20:25:30.741Z] scrape through	英文例句未使用目标词条
[2026-08-17T20:25:30.742Z] scrape together	英文例句未使用目标词条
[2026-08-17T20:25:30.743Z] scrape up	英文例句未使用目标词条
[2026-08-17T20:25:30.743Z] scream for	英文例句未使用目标词条
[2026-08-17T20:27:32.898Z] search for	英文例句未使用目标词条
[2026-08-17T20:29:37.596Z] see	英文例句未使用目标词条
[2026-08-17T20:30:14.986Z] see red	英文例句未使用目标词条
[2026-08-17T20:31:02.493Z] seek after	英文例句未使用目标词条
[2026-08-17T20:32:09.148Z] seize on	英文例句未使用目标词条
[2026-08-17T20:33:29.135Z] sell for	英文例句未使用目标词条
[2026-08-17T20:33:29.136Z] sell off	英文例句未使用目标词条
[2026-08-17T20:33:29.136Z] sell out	英文例句未使用目标词条
[2026-08-17T20:34:57.232Z] send	英文例句未使用目标词条
[2026-08-17T20:34:57.233Z] send away	英文例句未使用目标词条
[2026-08-17T20:34:57.233Z] send for	英文例句未使用目标词条
[2026-08-17T20:34:57.234Z] send forth	英文例句未使用目标词条
[2026-08-17T20:34:57.234Z] send off	英文例句未使用目标词条
[2026-08-17T20:35:00.539Z] send up	英文例句未使用目标词条
[2026-08-17T20:39:12.198Z] set one's heart on	英文例句未使用目标词条
[2026-08-17T20:40:30.700Z] settle into	英文例句未使用目标词条
[2026-08-17T20:40:30.701Z] settle on	英文例句未使用目标词条
[2026-08-17T20:40:30.702Z] settle upon	英文例句未使用目标词条
[2026-08-17T20:41:04.609Z] sew up	英文例句未使用目标词条
[2026-08-17T20:42:56.695Z] shake one's belief	英文例句未使用目标词条
[2026-08-17T20:46:10.009Z] shine	英文例句未使用目标词条
[2026-08-17T20:48:40.246Z] shove off	英文例句未使用目标词条
[2026-08-17T20:48:58.124Z] show around	英文例句未使用目标词条
[2026-08-17T20:48:58.125Z] show interest in	英文例句未使用目标词条
[2026-08-17T20:48:58.126Z] show up	英文例句未使用目标词条
[2026-08-17T20:49:46.810Z] shrink	英文例句未使用目标词条
[2026-08-17T20:50:11.534Z] shrug off	英文例句未使用目标词条
[2026-08-17T20:51:05.724Z] shuffle deck	英文例句未使用目标词条
[2026-08-17T20:52:52.302Z] sign a contract with	英文例句未使用目标词条
[2026-08-17T20:52:52.302Z] sign a petition	英文例句未使用目标词条
[2026-08-17T20:56:33.296Z] sink in	英文例句未使用目标词条
[2026-08-17T20:57:37.605Z] sit about	英文例句未使用目标词条
[2026-08-17T20:57:37.605Z] sit around	英文例句未使用目标词条
[2026-08-17T20:57:37.606Z] sit down	英文例句未使用目标词条
[2026-08-17T20:57:37.607Z] sit for	英文例句未使用目标词条
[2026-08-17T20:57:37.608Z] sit in	英文例句未使用目标词条
[2026-08-17T21:02:32.590Z] sleep through	英文例句未使用目标词条
[2026-08-17T21:02:58.378Z] slide into	英文例句未使用目标词条
[2026-08-17T21:03:49.141Z] slip on	英文例句未使用目标词条
[2026-08-17T21:03:49.142Z] slip one's mind	英文例句未使用目标词条
[2026-08-17T21:03:49.142Z] slip out of	英文例句未使用目标词条
[2026-08-17T21:03:49.143Z] slip up	英文例句未使用目标词条
[2026-08-17T21:04:58.553Z] slow up	英文例句未使用目标词条
[2026-08-17T21:07:25.001Z] snap at	英文例句未使用目标词条
[2026-08-17T21:07:25.002Z] snap out of	英文例句未使用目标词条
[2026-08-17T21:07:25.003Z] snap up	英文例句未使用目标词条
[2026-08-17T21:07:26.252Z] snatch up	英文例句未使用目标词条
[2026-08-17T21:12:10.479Z] solar	英文例句未使用目标词条
[2026-08-17T21:15:07.604Z] sophistication	英文例句未使用目标词条
[2026-08-17T21:15:31.978Z] sound good	英文例句未使用目标词条
[2026-08-17T21:16:18.940Z] sound like	英文例句未使用目标词条
[2026-08-17T21:18:40.597Z] speak for	英文例句未使用目标词条
[2026-08-17T21:18:40.598Z] speak highly of	英文例句未使用目标词条
[2026-08-17T21:18:40.598Z] speak out	英文例句未使用目标词条
[2026-08-17T21:18:42.801Z] speak up for	英文例句未使用目标词条
[2026-08-17T21:18:42.801Z] speak well of	英文例句未使用目标词条
[2026-08-17T21:20:08.008Z] specialize in	英文例句未使用目标词条
[2026-08-17T21:21:11.379Z] speed up	英文例句未使用目标词条
[2026-08-17T21:21:11.380Z] spell out	英文例句未使用目标词条
[2026-08-17T21:21:27.328Z] spend budget	英文例句未使用目标词条
[2026-08-17T21:22:31.669Z] spill out	英文例句未使用目标词条
[2026-08-17T21:29:44.711Z] stand	英文例句未使用目标词条
[2026-08-17T21:29:44.712Z] stand a chance	英文例句未使用目标词条
[2026-08-17T21:30:55.414Z] stand about	英文例句未使用目标词条
[2026-08-17T21:30:55.415Z] stand around	英文例句未使用目标词条
[2026-08-17T21:30:55.416Z] stand by	英文例句未使用目标词条
[2026-08-17T21:30:55.416Z] stand in for	英文例句未使用目标词条
[2026-08-17T21:30:55.417Z] stand out	英文例句未使用目标词条
[2026-08-17T21:30:55.417Z] stand up	英文例句未使用目标词条
[2026-08-17T21:30:55.418Z] stand up for	英文例句未使用目标词条
[2026-08-17T21:30:55.418Z] stand up to	英文例句未使用目标词条
[2026-08-17T21:31:26.877Z] star in	英文例句未使用目标词条
[2026-08-17T21:32:19.578Z] stare at	英文例句未使用目标词条
[2026-08-17T21:32:49.742Z] start on	英文例句未使用目标词条
[2026-08-17T21:32:49.743Z] start out	英文例句未使用目标词条
[2026-08-17T21:32:49.743Z] start up	英文例句未使用目标词条
[2026-08-17T21:34:40.651Z] stay open	英文例句未使用目标词条
[2026-08-17T21:35:16.914Z] stay put	英文例句未使用目标词条
[2026-08-17T21:35:16.914Z] stay up	英文例句未使用目标词条
[2026-08-17T21:35:16.915Z] steal	英文例句未使用目标词条
[2026-08-17T21:36:42.466Z] stem from	英文例句未使用目标词条
[2026-08-17T21:36:42.467Z] step aside	英文例句未使用目标词条
[2026-08-17T21:36:42.467Z] step out	英文例句未使用目标词条
[2026-08-17T21:37:57.181Z] stick	英文例句未使用目标词条
[2026-08-17T21:37:57.182Z] stick around	英文例句未使用目标词条
[2026-08-17T21:37:57.182Z] stick in one's mind	英文例句未使用目标词条
[2026-08-17T21:37:57.183Z] stick out	英文例句未使用目标词条
[2026-08-17T21:38:16.071Z] stiffen	英文例句未使用目标词条
[2026-08-17T21:41:05.083Z] stop at	英文例句未使用目标词条
[2026-08-17T21:43:43.653Z] stratum	英文例句未使用目标词条
[2026-08-17T21:43:43.654Z] stream into	英文例句未使用目标词条
[2026-08-17T21:45:05.001Z] strike into	英文例句未使用目标词条
[2026-08-17T21:45:05.001Z] strike on	英文例句未使用目标词条
[2026-08-17T21:45:05.002Z] strike upon	英文例句未使用目标词条
[2026-08-17T21:45:42.564Z] strive for	英文例句未使用目标词条
[2026-08-17T21:46:29.636Z] struggle against	英文例句未使用目标词条
[2026-08-17T21:46:29.636Z] struggle to one's feet	英文例句未使用目标词条
[2026-08-17T21:46:29.636Z] struggle with	英文例句未使用目标词条
[2026-08-17T21:47:50.760Z] study for	英文例句未使用目标词条
[2026-08-17T21:47:50.761Z] stuff with	英文例句未使用目标词条
[2026-08-17T21:47:54.310Z] stumble across	英文例句未使用目标词条
[2026-08-17T21:47:54.311Z] stumble on	英文例句未使用目标词条
[2026-08-17T21:50:12.599Z] subscribe to	英文例句未使用目标词条
[2026-08-17T21:52:05.235Z] succeed in	英文例句未使用目标词条
[2026-08-17T21:52:05.235Z] succeed to	英文例句未使用目标词条
[2026-08-17T21:53:40.810Z] suffer from	英文例句未使用目标词条
[2026-08-17T21:57:57.922Z] support one's argument	英文例句未使用目标词条
[2026-08-17T22:02:29.331Z] sweep across	英文例句未使用目标词条
[2026-08-17T22:02:29.331Z] sweep over	英文例句未使用目标词条
[2026-08-17T22:03:05.373Z] sweep up	英文例句未使用目标词条
[2026-08-17T22:06:30.928Z] tacit	英文例句未使用目标词条
[2026-08-17T22:07:25.553Z] take	英文例句未使用目标词条
[2026-08-17T22:08:52.379Z] take a class	英文例句未使用目标词条
[2026-08-17T22:08:52.380Z] take a deep breath	英文例句未使用目标词条
[2026-08-17T22:08:52.380Z] take a fancy to	英文例句未使用目标词条
[2026-08-17T22:08:52.381Z] take a hand in	英文例句未使用目标词条
[2026-08-17T22:08:52.382Z] take a heavy toll	英文例句未使用目标词条
[2026-08-17T22:08:52.382Z] take a heavy toll on	英文例句未使用目标词条
[2026-08-17T22:09:19.421Z] take a sip of	英文例句未使用目标词条
[2026-08-17T22:10:10.878Z] take advantage of	英文例句未使用目标词条
[2026-08-17T22:10:10.878Z] take after	英文例句未使用目标词条
[2026-08-17T22:10:10.879Z] take aim at	英文例句未使用目标词条
[2026-08-17T22:10:30.343Z] take an interest in	英文例句未使用目标词条
[2026-08-17T22:10:30.343Z] take apart	英文例句未使用目标词条
[2026-08-17T22:10:30.344Z] take away	英文例句未使用目标词条
[2026-08-17T22:10:30.345Z] take back	英文例句未使用目标词条
[2026-08-17T22:11:53.088Z] take charge of	英文例句未使用目标词条
[2026-08-17T22:11:53.089Z] take control of	英文例句未使用目标词条
[2026-08-17T22:11:53.089Z] take cover	英文例句未使用目标词条
[2026-08-17T22:11:53.090Z] take down	英文例句未使用目标词条
[2026-08-17T22:11:53.090Z] take exception to	英文例句未使用目标词条
[2026-08-17T22:12:17.054Z] take in stride	英文例句未使用目标词条
[2026-08-17T22:12:17.055Z] take its toll	英文例句未使用目标词条
[2026-08-17T22:12:17.055Z] take its toll on	英文例句未使用目标词条
[2026-08-17T22:12:17.056Z] take measures	英文例句未使用目标词条
[2026-08-17T22:13:27.872Z] take off	英文例句未使用目标词条
[2026-08-17T22:13:27.873Z] take on	英文例句未使用目标词条
[2026-08-17T22:13:27.873Z] take one's advice	英文例句未使用目标词条
[2026-08-17T22:13:58.546Z] take one's breath away	英文例句未使用目标词条
[2026-08-17T22:13:58.547Z] take one's seat	英文例句未使用目标词条
[2026-08-17T22:13:58.547Z] take one's temperature	英文例句未使用目标词条
[2026-08-17T22:13:58.548Z] take one's time	英文例句未使用目标词条
[2026-08-17T22:13:58.548Z] take out of	英文例句未使用目标词条
[2026-08-17T22:13:58.549Z] take over	英文例句未使用目标词条
[2026-08-17T22:13:58.549Z] take over one's business	英文例句未使用目标词条
[2026-08-17T22:13:58.550Z] take pains	英文例句未使用目标词条
[2026-08-17T22:15:13.326Z] take photographs	英文例句未使用目标词条
[2026-08-17T22:15:13.327Z] take pity on	英文例句未使用目标词条
[2026-08-17T22:15:13.327Z] take pride in	英文例句未使用目标词条
[2026-08-17T22:15:13.328Z] take priority over	英文例句未使用目标词条
[2026-08-17T22:15:13.328Z] take responsibility for	英文例句未使用目标词条
[2026-08-17T22:16:28.269Z] take the blame	英文例句未使用目标词条
[2026-08-17T22:16:28.270Z] take the lead	英文例句未使用目标词条
[2026-08-17T22:16:28.271Z] take the opportunity	英文例句未使用目标词条
[2026-08-17T22:16:28.271Z] take the role of	英文例句未使用目标词条
[2026-08-17T22:16:28.272Z] take to	英文例句未使用目标词条
[2026-08-17T22:16:28.272Z] take turns	英文例句未使用目标词条
[2026-08-17T22:17:53.258Z] talk over	英文例句未使用目标词条
[2026-08-17T22:17:53.258Z] talk through	英文例句未使用目标词条
[2026-08-17T22:17:53.259Z] talk to	英文例句未使用目标词条
[2026-08-17T22:20:11.899Z] taste much better	英文例句未使用目标词条
[2026-08-17T22:21:36.821Z] tear up	英文例句未使用目标词条
[2026-08-17T22:24:05.615Z] tell a joke	英文例句未使用目标词条
[2026-08-17T22:24:05.616Z] tell a lie	英文例句未使用目标词条
[2026-08-17T22:24:05.617Z] tell a story	英文例句未使用目标词条
[2026-08-17T22:24:05.617Z] tell jokes	英文例句未使用目标词条
[2026-08-17T22:24:05.618Z] tell lies	英文例句未使用目标词条
[2026-08-17T22:24:05.618Z] tell the truth	英文例句未使用目标词条
[2026-08-17T22:25:51.051Z] tend to	英文例句未使用目标词条
[2026-08-17T22:25:51.051Z] tend to do	英文例句未使用目标词条
[2026-08-17T22:25:51.052Z] tender for	英文例句未使用目标词条
[2026-08-17T22:28:30.235Z] testify to	英文例句未使用目标词条
[2026-08-17T22:34:50.004Z] think about	英文例句未使用目标词条
[2026-08-17T22:34:50.004Z] think aloud	英文例句未使用目标词条
[2026-08-17T22:34:50.005Z] think better of	英文例句未使用目标词条
[2026-08-17T22:34:50.006Z] think nothing of	英文例句未使用目标词条
[2026-08-17T22:38:31.396Z] throw a light on	英文例句未使用目标词条
[2026-08-17T22:38:31.397Z] throw a light upon	英文例句未使用目标词条
[2026-08-17T22:38:31.397Z] throw about	英文例句未使用目标词条
[2026-08-17T22:38:31.398Z] throw around	英文例句未使用目标词条
[2026-08-17T22:38:31.398Z] throw away	英文例句未使用目标词条
[2026-08-17T22:39:26.100Z] throw light on	英文例句未使用目标词条
[2026-08-17T22:39:26.100Z] throw light upon	英文例句未使用目标词条
[2026-08-17T22:39:26.101Z] throw up	英文例句未使用目标词条
[2026-08-17T22:40:43.908Z] tick away	英文例句未使用目标词条
[2026-08-17T22:40:43.908Z] tick by	英文例句未使用目标词条
[2026-08-17T22:40:58.807Z] tie up	英文例句未使用目标词条
[2026-08-17T22:43:25.988Z] tip off	英文例句未使用目标词条
[2026-08-17T22:43:25.989Z] tire out	英文例句未使用目标词条
[2026-08-17T22:44:20.486Z] to one's credit	英文例句未使用目标词条
[2026-08-17T22:44:20.487Z] to one's disappointment	英文例句未使用目标词条
[2026-08-17T22:44:20.487Z] to one's heart's content	英文例句未使用目标词条
[2026-08-17T22:44:20.488Z] to one's joy	英文例句未使用目标词条
[2026-08-17T22:44:20.488Z] to one's surprise	英文例句未使用目标词条
[2026-08-17T22:44:54.091Z] to the best of one's ability	英文例句未使用目标词条
[2026-08-17T22:44:54.092Z] to the best of one's knowledge	英文例句未使用目标词条
[2026-08-17T22:46:16.406Z] tom	英文例句包含不必要的常见人名
[2026-08-17T22:48:23.539Z] torn	英文例句未使用目标词条
[2026-08-17T22:48:53.502Z] touch on	英文例句未使用目标词条
[2026-08-17T22:48:53.503Z] touch upon	英文例句未使用目标词条
[2026-08-17T22:51:03.973Z] trace back to	英文例句未使用目标词条
[2026-08-17T22:51:29.082Z] trade with	英文例句未使用目标词条
[2026-08-17T22:58:37.020Z] trip over	英文例句未使用目标词条
[2026-08-17T23:00:50.166Z] try one's best	英文例句未使用目标词条
[2026-08-17T23:00:50.167Z] try one's best to do	英文例句未使用目标词条
[2026-08-17T23:03:18.573Z] turn a blind eye to	英文例句未使用目标词条
[2026-08-17T23:03:18.574Z] turn a deaf ear	英文例句未使用目标词条
[2026-08-17T23:04:06.376Z] turn against	英文例句未使用目标词条
[2026-08-17T23:04:06.377Z] turn around	英文例句未使用目标词条
[2026-08-17T23:04:06.377Z] turn away	英文例句未使用目标词条
[2026-08-17T23:04:06.378Z] turn down	英文例句未使用目标词条
[2026-08-17T23:04:06.378Z] turn face up	英文例句未使用目标词条
[2026-08-17T23:04:06.379Z] turn in	英文例句未使用目标词条
[2026-08-17T23:04:06.379Z] turn into	英文例句未使用目标词条
[2026-08-17T23:05:08.887Z] turn one's back	英文例句未使用目标词条
[2026-08-17T23:05:08.888Z] turn one's back on	英文例句未使用目标词条
[2026-08-17T23:05:08.889Z] turn out	英文例句未使用目标词条
[2026-08-17T23:05:08.889Z] turn over	英文例句未使用目标词条
[2026-08-17T23:05:08.890Z] turn the corner	英文例句未使用目标词条
[2026-08-17T23:05:08.891Z] turn to	英文例句未使用目标词条
[2026-08-17T23:05:08.892Z] turn up	英文例句未使用目标词条
[2026-08-17T23:13:28.943Z] underwrite	英文例句未使用目标词条
[2026-08-17T23:20:13.608Z] untie	英文例句未使用目标词条
[2026-08-17T23:24:02.589Z] use up	英文例句未使用目标词条
[2026-08-17T23:28:25.340Z] vary with	英文例句未使用目标词条
[2026-08-17T23:28:25.341Z] vastly	英文例句未使用目标词条
[2026-08-17T23:38:56.433Z] volunteer to do	英文例句未使用目标词条
[2026-08-17T23:41:13.370Z] walk away with	英文例句未使用目标词条
[2026-08-17T23:41:47.868Z] wander about	英文例句未使用目标词条
[2026-08-17T23:43:15.054Z] warn of	英文例句未使用目标词条
[2026-08-17T23:43:35.532Z] wash away	英文例句未使用目标词条
[2026-08-17T23:43:35.533Z] wash down	英文例句未使用目标词条
[2026-08-17T23:43:35.533Z] wash up	英文例句未使用目标词条
[2026-08-17T23:44:33.160Z] waste one's breath	英文例句未使用目标词条
[2026-08-17T23:45:01.479Z] watch over	英文例句未使用目标词条
[2026-08-17T23:46:19.960Z] wave aside	英文例句未使用目标词条
[2026-08-17T23:47:44.813Z] wear out	英文例句未使用目标词条
[2026-08-17T23:47:44.813Z] wear well	英文例句未使用目标词条
[2026-08-17T23:49:16.004Z] weigh down	英文例句未使用目标词条
[2026-08-17T23:49:16.005Z] weigh up	英文例句未使用目标词条
[2026-08-17T23:55:21.897Z] win	英文例句未使用目标词条
[2026-08-17T23:56:45.779Z] wink at	英文例句未使用目标词条
[2026-08-17T23:56:45.780Z] wipe off	英文例句未使用目标词条
[2026-08-17T23:56:45.780Z] wipe out	英文例句未使用目标词条
[2026-08-17T23:56:48.928Z] wish for	英文例句未使用目标词条
[2026-08-17T23:57:53.980Z] with details of	英文例句未使用目标词条
[2026-08-17T23:58:21.772Z] with one's own eyes	英文例句包含不必要的常见人名
[2026-08-17T23:58:21.773Z] with the exception of	英文例句包含不必要的常见人名
[2026-08-17T23:59:06.119Z] within one's limits	英文例句未使用目标词条
[2026-08-18T00:01:51.791Z] work as	英文例句未使用目标词条
[2026-08-18T00:01:51.792Z] work at	英文例句未使用目标词条
[2026-08-18T00:02:10.517Z] work out	英文例句未使用目标词条
[2026-08-18T00:02:10.517Z] work with	英文例句未使用目标词条
[2026-08-18T00:03:11.128Z] worry about	英文例句未使用目标词条
[2026-08-18T00:07:43.604Z] yet	英文例句未使用目标词条
[2026-08-18T00:07:43.605Z] yield to	英文例句未使用目标词条
